Torneo,Categoria,Ronda,Hora_Aprox,Jugador_Local,Jugador_Visitante
ITF M25 Xalapa,ITF Men,Qualifications,00:00,Ying Hou,Kether Naresh Gonzalez
"UTR PTT Yokohama Men 05, Group B",UTR Men,,00:00,Luke McMillan,Kotaro Mochizuki
"UTR PTT Yokohama Men 05, Group A",UTR Men,,00:00,Maciej Rajski,Shotaro Yamamoto
"UTR PTT Yokohama Men 05, Group D",UTR Men,,01:00,Daisuke Hashimoto,Tomoki Fujiwara
"UTR PTT Yokohama Men 05, Group D",UTR Men,,01:00,Brody Nejedly Krall,Toshiki Karigyo
ITF W35 Miyazaki 2 Women,ITF Women,Qualifications,01:00,Suzu Nakahara,Kanna Soeda
ITF W35 Miyazaki 2 Women,ITF Women,Qualifications,01:00,Sara Yoshida,Mia Hasegawa
ITF W35 Miyazaki 2 Women,ITF Women,Qualifications,01:00,Nagisa Suzuki,Honori Koyama
ITF W35 Miyazaki 2 Women,ITF Women,Qualifications,01:00,Ayuna Tajima,Azuna Ichioka
ITF W35 Miyazaki 2 Women,ITF Women,Qualifications,01:00,Amane Hattori,Koharu Ito
"UTR PTT Yokohama Men 05, Group B",UTR Men,,01:00,Christopher Kosei Ono,Kotaro Mochizuki
"UTR PTT Yokohama Men 05, Group C",UTR Men,,01:00,Jared Horwood,Haru Kawanak
"UTR PTT Yokohama Men 05, Group C",UTR Men,,01:00,Kanari Izumisawa,Shohei Chikami
ITF W35 Miyazaki 2 Women,ITF Women,Qualifications,01:00,Ayaka Ozeki,Yui Ohwaki
"UTR PTT Yokohama Men 05, Group A",UTR Men,,01:00,Maciej Rajski,Gaku Nayuki
ITF W100 Tokyo Women,ITF Women,Qualifications,01:09,Hiroko Kuwata,Kristiana Sidorova
ITF W100 Tokyo Women,ITF Women,Qualifications,01:09,Mika Stojsavljevic,Kurumi Tamura
"UTR PTT Yokohama Men 05, Group C",UTR Men,,01:10,Kanari Izumisawa,Haru Kawanak
"UTR PTT Yokohama Men 05, Group A",UTR Men,,01:10,Gaku Nayuki,Ryuto Kizaki
ITF W100 Tokyo Women,ITF Women,Qualifications,01:11,Haruka Kaji,Dalayna Hewitt
ITF W100 Tokyo Women,ITF Women,Qualifications,01:11,Heather Watson,Kokona Ishii
"UTR PTT Newport Beach Men 09, Group C",UTR Men,,01:30,Andrew Li,Santiago Villarruel
"UTR PTT Newport Beach Men 09, Group B",UTR Men,,01:30,Gian Durrer,Achyuth Binu
"UTR PTT Newport Beach Men 09, Group A",UTR Men,,01:30,Antreas Djakouris,Shaan Patel
"UTR PTT Newport Beach Women 09, Group B",UTR Women,,01:30,Tanika Saravanan,Celine Simunyu
"UTR PTT Newport Beach Women 09, Group C",UTR Women,,01:30,Joanna Kennedy,Gabriela Tevez
"UTR PTT Newport Beach Women 09, Group C",UTR Women,,01:30,Reagan Levine,Olivia Lewis
"UTR PTT Newport Beach Men 09, Group B",UTR Men,,01:30,Liam Alvarez,Harrison Satara
"UTR PTT Newport Beach Women 09, Group D",UTR Women,,01:30,Sophie Suh,Natalie Kha
ITF W15 Singapore 2 Women,ITF Women,Qualifications,01:37,Jiho Shin,Elizabeth Ivanov
ITF W15 Singapore 2 Women,ITF Women,Qualifications,01:37,Im Hee Rae,Carolann Delaunay
ITF M15 Singapore 2 Men,ITF Men,Qualifications,01:39,Markus Malaszszak,Udit Kamboj
ITF W15 Singapore 2 Women,ITF Women,Qualifications,01:40,Remika Ohashi,Elsa Wan
ITF W15 Singapore 2 Women,ITF Women,Qualifications,01:40,Chia Yi Tsao,Kei Yau Cheung
ITF W15 Singapore 2 Women,ITF Women,Qualifications,01:42,Soo Ha Jang,Niehua Tian
"Gwangju, Korea Republic, Doubles",Challenger,Round of 16,02:00,Nam J / Niklas-Salminen P,Matsui T / Myneni S
"Gwangju, Korea Republic, Doubles",Challenger,Round of 16,02:00,Kiger M / Stalder R,Ann S / Kim G J
"Gwangju, Korea Republic, Doubles",Challenger,Round of 16,02:00,Hsu Y H / Watanabe S,Shimizu Y / Uesugi K
"Gwangju, Korea Republic, Doubles",Challenger,Round of 16,02:00,Cook E / Pearson K,Masur D / Ramanathan R
"Gwangju, Korea Republic, Doubles",Challenger,Round of 16,02:00,Chung Y / Park U,Isaro PR / Kaliyanda Poonacha N
"Gwangju, Korea Republic, Doubles",Challenger,Round of 16,02:00,Bolt A / Delaney J,Puttergill C / Sweeny D
ITF W50 Roehampton Women,ITF Women,Qualifications,02:00,Lina Glushko,Valentina Losciale
"Gwangju, Korea Republic, Doubles",Challenger,Round of 16,02:00,Rojer J-J / Winegar T,Jones B / Paris J
"Gwangju, Korea Republic",Challenger,Round of 32,02:00,Sho Shimabukuro,Uisung Park
"Gwangju, Korea Republic",Challenger,Round of 32,02:00,Rio Noguchi,Alexis Galarneau
"Gwangju, Korea Republic",Challenger,Round of 32,02:00,Pavel Kotov,Mikhail Kukushkin
"Gwangju, Korea Republic",Challenger,Round of 32,02:00,Jason Jung,Hyeon Chung
"Gwangju, Korea Republic",Challenger,Round of 32,02:00,James McCabe,Kaichi Uchida
"Gwangju, Korea Republic, Doubles",Challenger,Round of 16,02:00,Bollipalli R C / Kadhe A,Chandrasekar A / Yuzuki T
"Gwangju, Korea Republic, Qualifying",Challenger,Qualification Final,02:00,Patrick Zahraj,Daniel Masur
ITF W50 Roehampton Women,ITF Women,Qualifications,02:00,Clara Vlasselaer,Kolie Allen
"Gwangju, Korea Republic",Challenger,Round of 32,02:00,August Holmgren,Yunchaokete Bu
ITF W50 Roehampton Women,ITF Women,Qualifications,02:00,Alba Rey Garcia,Karla Popović
ITF W35 Miyazaki 2 Women,ITF Women,Qualifications,02:00,Yuzuha Negishi,Sayuri Hata
ITF W35 Miyazaki 2 Women,ITF Women,Qualifications,02:00,Nanami Goto,Rion Itaya
ITF W35 Miyazaki 2 Women,ITF Women,Qualifications,02:00,Mua Shigeta,Kaho Maruyama
ITF W35 Miyazaki 2 Women,ITF Women,Qualifications,02:00,Michiru Furuya,Natsuho Arakawa
ITF W35 Miyazaki 2 Women,ITF Women,Qualifications,02:00,Kokono Sakaguchi,Anri Nagata
ITF W35 Miyazaki 2 Women,ITF Women,Qualifications,02:00,Honami Sodeyama,Akiho Maruyama
ITF M25 Luzhou Men,ITF Men,Qualifications,02:00,ZI Hui Chen,Weiwen Pan
ITF M25 Luzhou Men,ITF Men,Qualifications,02:00,Wishaya Trongcharoenchaikul,Lleyton Richards
ITF M25 Luzhou Men,ITF Men,Qualifications,02:00,Min Seong Kim,Ye Chen
ITF M25 Luzhou Men,ITF Men,Qualifications,02:00,Joshua Charlton,Hien Pham
ITF M25 Luzhou Men,ITF Men,Qualifications,02:00,Abhishek Bastola,Sicheng Li
"Gwangju, Korea Republic, Qualifying",Challenger,Qualification Final,02:00,Taro Daniel,Yuta Shimizu
"Gwangju, Korea Republic",Challenger,Round of 32,02:00,Alex Bolt,Ilia Simakin
"Gwangju, Korea Republic, Qualifying",Challenger,Qualification Final,02:00,Renta Tokuda,Marat Sharipov
"UTR PTT Yokohama Men 05, Group C",UTR Men,,02:00,Jared Horwood,Kanari Izumisawa
ITF W50 Baotou Women,ITF Women,Qualifications,02:09,Ya-Yi Yang,Liuyan An
"UTR PTT Yokohama Men 05, Group B",UTR Men,,02:10,Luke McMillan,Jungwon Park
ITF W50 Baotou Women,ITF Women,Qualifications,02:10,Chengyiyi Yuan,Ksenia Meshcheryakova
ITF W100 Tokyo Women,ITF Women,Qualifications,02:14,Yui Chikaraishi,Ariana Arseneault
ITF M25 Xalapa,ITF Men,Qualifications,02:15,Jordan Chiu,Emiliano Aguilera Guerrero
"UTR PTT Yokohama Men 05, Group B",UTR Men,,02:20,Luke McMillan,Christopher Kosei Ono
"UTR PTT Yokohama Men 05, Group C",UTR Men,,02:20,Jared Horwood,Shohei Chikami
"UTR PTT Yokohama Men 05, Group D",UTR Men,,02:20,Daisuke Hashimoto,Toshiki Karigyo
ITF W100 Tokyo Women,ITF Women,Qualifications,02:36,Moeka Miyata,Natsumi Kawaguchi
ITF W100 Tokyo Women,ITF Women,Qualifications,02:43,Eri Shimizu,Kurea Hayasaka
ITF W15 Singapore 2 Women,ITF Women,Qualifications,02:45,Seo Yun Choi,Shiho Shibata
ITF W35 Miyazaki 2 Women,ITF Women,Qualifications,03:00,Rio Tsuda,Hana Matsumura
ITF W35 Miyazaki 2 Women,ITF Women,Qualifications,03:00,Natsuki Irokawa,Nalu Himeno
ITF W35 Miyazaki 2 Women,ITF Women,Qualifications,03:00,Kokoa Nakao,Mio Kijima
ITF W35 Miyazaki 2 Women,ITF Women,Qualifications,03:00,Shizuka Sakurada,Sakura Tsuji
ITF W35 Miyazaki 2 Women,ITF Women,Qualifications,03:00,Ashleigh Harvey,Azusa Ishii
ITF W35 Miyazaki 2 Women,ITF Women,Qualifications,03:00,Han Gyeol Jeong,Sera Nishimoto
ITF M15 Singapore 2 Men,ITF Men,Qualifications,03:04,Luke Koh,Lucky Candra Kurniawan
ITF W100 Tokyo Women,ITF Women,Qualifications,03:11,Yuki Naito,Misaki Matsuda
ITF M15 Singapore 2 Men,ITF Men,Qualifications,03:19,Taketo Takamisawa,Gunawan Trismuwantara
"UTR PTT Yokohama Men 05, Group D",UTR Men,,03:25,Toshiki Karigyo,Tomoki Fujiwara
"Gwangju, Korea Republic, Qualifying",Challenger,Qualification Final,03:25,Kasidit Samrej,Hayato Matsuoka
ITF M15 Singapore 2 Men,ITF Men,Qualifications,03:28,Tristan Stringer,Barney Fitzpatrick
ITF W15 Panipat Women,ITF Women,Qualifications,03:30,Omna Yadav Davunaboina,Ksenia Krupenina
ITF W15 Panipat Women,ITF Women,Qualifications,03:30,Reshma V S S Challarapu,Ji Min Park
"UTR PTT Yokohama Men 05, Group B",UTR Men,,03:30,Jungwon Park,Kotaro Mochizuki
"UTR PTT Yokohama Men 05, Group A",UTR Men,,03:30,Gaku Nayuki,Shotaro Yamamoto
ITF W15 Panipat Women,ITF Women,Qualifications,03:30,Tejasvi Dabas,Diva Bhatia
ITF W15 Panipat Women,ITF Women,Qualifications,03:30,Durganshi Kumar,Milana Konovalova
"UTR PTT Yokohama Men 05, Group A",UTR Men,,03:30,Maciej Rajski,Ryuto Kizaki
ITF W100 Tokyo Women,ITF Women,Qualifications,03:30,Kyoka Okamura,Alexandra Osborne
ITF W15 Panipat Women,ITF Women,Qualifications,03:30,Saily Prashantkumar Thakkar,Samaira Pahwa
ITF W15 Panipat Women,ITF Women,Qualifications,03:30,Jennifer Luikham,Rituparna Nayak
"Gwangju, Korea Republic, Qualifying",Challenger,Qualification Final,03:40,Beibit Zhukayev,Hiroki Moriya
"Gwangju, Korea Republic, Qualifying",Challenger,Qualification Final,03:45,Tung-Lin Wu,Tom Paris
ITF W100 Tokyo Women,ITF Women,Qualifications,03:47,Yuki Naito,Tenika McGiffin
"UTR PTT Yokohama Men 05, Group D",UTR Men,,03:50,Brody Nejedly Krall,Daisuke Hashimoto
ITF W15 Singapore 2 Women,ITF Women,Qualifications,03:53,Ho-ching Wu,Andrea Roots
ITF W50 Roehampton Women,ITF Women,Qualifications,04:00,Ophelia Korpanec Davies,Leticia Romanova
ITF W50 Roehampton Women,ITF Women,Qualifications,04:00,Kristina Novak,Solymar Colling
ITF M15 Singapore 2 Men,ITF Men,Qualifications,04:00,Matt Hulme,Anthony Susanto
ITF W50 Roehampton Women,ITF Women,Qualifications,04:00,Andrė Lukošiūtė,Paula Cembranos
ITF M25 Luzhou Men,ITF Men,Qualifications,04:00,Chen-Yu Lu,Zhenxiong Dong
ITF M15 Singapore 2 Men,ITF Men,Qualifications,04:00,Kazuki Nishiwaki,Kosuke Shibano
ITF M25 Luzhou Men,ITF Men,Qualifications,04:00,Qian Sun,Yile Li
ITF M25 Luzhou Men,ITF Men,Qualifications,04:00,Ryotaro Taguchi,Haesun Lee
ITF M25 Luzhou Men,ITF Men,Qualifications,04:00,Zhao Zhao,Malanqi Du
ITF M25 Luzhou Men,ITF Men,Qualifications,04:00,Jesse Delaney,Yue Xia
ITF W50 Baotou Women,ITF Women,Qualifications,04:10,Maria Kalyakina,Angela Cui
ITF W50 Baotou Women,ITF Women,Qualifications,04:19,Jiangxue Han,Sitong Chen
ITF W15 Singapore 2 Women,ITF Women,Qualifications,04:23,Kenzie Nguyen,Caitlin Baker
"UTR PTT Yokohama Men 05, Group C",UTR Men,,04:30,Haru Kawanak,Shohei Chikami
ITF W100 Tokyo Women,ITF Women,Qualifications,04:36,Yiming Dang,Carol Zhao
"Shymkent, Kazakhstan, Doubles",Challenger,Round of 16,05:00,Brouwer G / Nedunchezhiyan J,Kirkin E / Nedic A
"Shymkent, Kazakhstan, Doubles",Challenger,Round of 16,05:00,Fomin S / Orlov V,Belozertsev N / Krutykh O
"Shymkent, Kazakhstan, Doubles",Challenger,Round of 16,05:00,Gadamauri B / Sels J,Bar Biryukov P / Lomakin G
"Shymkent, Kazakhstan, Qualifying",Challenger,Qualification Final,05:00,Ergi Kirkin,Kai Wehnelt
"Shymkent, Kazakhstan, Qualifying",Challenger,Qualification Final,05:00,Mili Poljičak,Denys Klok
"Shymkent, Kazakhstan, Qualifying",Challenger,Qualification Final,05:00,Luca Staeheli,Oleksii Krutykh
"Shymkent, Kazakhstan, Doubles",Challenger,Round of 16,05:00,Blanch D / Gulin S,Omarkhanov A / Zhalgasbay D
"Shymkent, Kazakhstan, Doubles",Challenger,Round of 16,05:00,Rehberg M H / Wiskandt M,A. Kalender / M. Poljicak
"Shymkent, Kazakhstan, Doubles",Challenger,Round of 16,05:00,Betov S / Ostapenkov D,Albot R / Yevseyev D
"Shymkent, Kazakhstan, Doubles",Challenger,Round of 16,05:00,Masabayashi T / Tajima N,Durasovic V / Wehnelt K
"Shymkent, Kazakhstan, Doubles",Challenger,Round of 16,05:00,Bailly G / Ghibaudo A,Cuenin S / Erhard M
"Shymkent, Kazakhstan",Challenger,Round of 32,05:00,Dali Blanch,Denis Yevseyev
"Shymkent, Kazakhstan",Challenger,Round of 32,05:00,Ivan Gakhov,Zangar Nurlanuly
"Shymkent, Kazakhstan",Challenger,Round of 32,05:00,Max Wiskandt,Mathys Erhard
"Shymkent, Kazakhstan",Challenger,Round of 32,05:00,Radu Albot,Amir Omarkhanov
"Shymkent, Kazakhstan",Challenger,Round of 32,05:00,Timofey Skatov,Oleg Prihodko
"UTR PTT Yokohama Men 05, Group A",UTR Men,,05:05,Ryuto Kizaki,Shotaro Yamamoto
ITF M15 Singapore 2 Men,ITF Men,Qualifications,05:06,Yuta Tomida,Riku Takahata
"Gwangju, Korea Republic",Challenger,Round of 32,05:10,Clement Chidekh,Coleman Wong
ITF M15 Singapore 2 Men,ITF Men,Qualifications,05:10,James van Herzeele,E. Ahren Moonga
ITF W100 Tokyo Women,ITF Women,Qualifications,05:22,Rina Saigo,Reina Goto
ITF W100 Tokyo Women,ITF Women,Qualifications,05:24,Riko Kikawada,Ikumi Yamazaki
ITF W15 Panipat Women,ITF Women,Qualifications,05:30,Amodini Naik,Swasti Singh
ITF W15 Panipat Women,ITF Women,Qualifications,05:30,Nemha Sarah Kispotta,Ridhima Singh Singh
ITF W15 Panipat Women,ITF Women,Qualifications,05:30,Rhea Arora,Neha Krishnan
ITF W100 Tokyo Women,ITF Women,Qualifications,05:30,Lizette Cabrera,Hong Yi Cody Wong
ITF W15 Panipat Women,ITF Women,Qualifications,05:30,Sahira Singh,Lakshmi Gowda
ITF W15 Panipat Women,ITF Women,Qualifications,05:30,Suryanshi Shekhawat,Laalitya Kalluri
ITF W15 Panipat Women,ITF Women,Qualifications,05:30,Kashish Bhatia,Iha Joshi Iha
"Gwangju, Korea Republic",Challenger,Round of 32,05:35,Mark Lajal,Maximus Jones
"Gwangju, Korea Republic",Challenger,Round of 32,05:50,Yu Hsiou Hsu,Murphy Cassone
ITF W15 Panipat Women,ITF Women,Qualifications,06:00,Jeetesh Kumari,Jaya Kapoor
ITF W15 Panipat Women,ITF Women,Qualifications,06:00,Deepthi Venkatesan Venkatesan,Harshini N Nagaraj
ITF W15 Panipat Women,ITF Women,Qualifications,06:00,A. Narayan Sonkusare,Manshi Singh
ITF W35 Miyazaki 2 Women,ITF Women,Qualifications,06:00,Yuzuha Negishi,Natsuho Arakawa
ITF M25 Luzhou Men,ITF Men,Qualifications,06:00,Fanming Meng,Chengyou Wu
ITF W50 Roehampton Women,ITF Women,Qualifications,06:00,Iveta Dapkutė,Sabine Rutlauka
ITF W50 Roehampton Women,ITF Women,Qualifications,06:00,Julita Saner,María Oliver Sánchez
ITF M25 Luzhou Men,ITF Men,Qualifications,06:00,Aolun Ma,Shanghui Li
ITF M25 Luzhou Men,ITF Men,Qualifications,06:00,Lingxi Zhao,Xinyuan Xie
ITF W15 Panipat Women,ITF Women,Qualifications,06:00,Vidhi Jani,Sohini Sanjay Mohanty
ITF W35 Miyazaki 2 Women,ITF Women,Qualifications,06:00,Kisa Yoshioka,Azuna Ichioka
ITF W35 Miyazaki 2 Women,ITF Women,Qualifications,06:00,Akiho Maruyama,Anri Nagata
ITF W35 Miyazaki 2 Women,ITF Women,Qualifications,06:00,Mana Kawamura,Mua Shigeta
ITF W35 Miyazaki 2 Women,ITF Women,Qualifications,06:00,Yui Ohwaki,Nagisa Suzuki
ITF M25 Luzhou Men,ITF Men,Qualifications,06:00,Wenbo Bai,Shaoyun Liu
ITF W35 Miyazaki 2 Women,ITF Women,Qualifications,06:00,Meng Yi Chen,Sara Yoshida
ITF M25 Luzhou Men,ITF Men,Qualifications,06:00,Yan Cheng Chen,Boxiong Zhang
ITF W35 Miyazaki 2 Women,ITF Women,Qualifications,06:00,Nagi Hanatani,Amane Hattori
ITF W35 Miyazaki 2 Women,ITF Women,Qualifications,06:00,Naho Sato,Kanna Soeda
ITF W35 Miyazaki 2 Women,ITF Women,Qualifications,06:00,Nanami Goto,Tiana Tian Deng
"Shymkent, Kazakhstan, Qualifying",Challenger,Qualification Final,06:15,Vladyslav Orlov,Gerard Campana Lee
"Shymkent, Kazakhstan, Qualifying",Challenger,Qualification Final,06:15,Giuseppe La Vela,Daniil Ostapenkov
"Shymkent, Kazakhstan, Qualifying",Challenger,Qualification Final,06:15,Bekhan Atlangeriev,Anton Chekhov
ITF M15 Pretoria 2 Men,ITF Men,Qualifications,07:00,Maksim Mihic,Thomas Linley
ITF M15 Pretoria 2 Men,ITF Men,Qualifications,07:00,Stefan Cooper,Giovanni Ciocca
ITF M15 Pretoria 2 Men,ITF Men,Qualifications,07:00,Darrshan Suresh,Farzan Amiri
ITF M15 Pretoria 2 Men,ITF Men,Qualifications,07:00,Johannes Myburgh,Dillon Beckles
ITF M15 Pretoria 2 Men,ITF Men,Qualifications,07:00,James Weber,Laurence Teunissen
ITF M15 Pretoria 2 Men,ITF Men,Qualifications,07:00,Ethan Terblanche,Allan Gatoto
ITF M15 Pretoria 2 Men,ITF Men,Qualifications,07:00,Dylan Rene Du Toit,Ty Host
ITF M15 Pretoria 2 Men,ITF Men,Qualifications,07:00,Makar Elesin,Stas Majewski
"UTR PTT Arnhem Women 03, Group B",UTR Women,,07:00,Amber Maalderink,Katerina Melicharova
"UTR PTT Arnhem Women 03, Group D",UTR Women,,07:00,Nikola Koprivova,Oliwia Drozdz
ITF M15 Pretoria 2 Men,ITF Men,Qualifications,07:00,Alp Horoz,Adrian Arcon
ITF W15 Pretoria 2 Women,ITF Women,Qualifications,07:00,Abigail Wheeler,Onalee Wagner
"UTR PTT Arnhem Women 03, Group D",UTR Women,,07:00,Sarah Olff,Oliwia Drozdz
ITF W15 Pretoria 2 Women,ITF Women,Qualifications,07:00,Tia Messerli,Lisa-Marie Du Toit
"UTR PTT Arnhem Women 03, Group D",UTR Women,,07:00,Sarah Olff,Kseniya Yersh
"UTR PTT Arnhem Women 03, Group D",UTR Women,,07:00,Sarah Olff,Kate Gardiner
"UTR PTT Arnhem Women 03, Group A",UTR Women,,07:00,Polina Kuharenko,Xenia Bandurowska
"UTR PTT Arnhem Women 03, Group A",UTR Women,,07:00,Xenia Bandurowska,Zejda Veljacic
"UTR PTT Arnhem Women 03, Group A",UTR Women,,07:00,Zejda Veljacic,Vanja Gudelj
"UTR PTT Arnhem Women 03, Group B",UTR Women,,07:00,Amber Maalderink,Julia Adams
"UTR PTT Arnhem Women 03, Group A",UTR Women,,07:00,Polina Kuharenko,Sophia Hurrion
"UTR PTT Arnhem Women 03, Group A",UTR Women,,07:00,Polina Kuharenko,Vanja Gudelj
"UTR PTT Arnhem Women 03, Group A",UTR Women,,07:00,Sophia Hurrion,Zejda Veljacic
"UTR PTT Arnhem Women 03, Group D",UTR Women,,07:00,Nikola Koprivova,Kate Gardiner
"UTR PTT Arnhem Women 03, Group D",UTR Women,,07:00,Nikola Koprivova,Kseniya Yersh
"UTR PTT Arnhem Women 03, Group D",UTR Women,,07:00,Kseniya Yersh,Kate Gardiner
"UTR PTT Arnhem Women 03, Group D",UTR Women,,07:00,Kseniya Yersh,Oliwia Drozdz
"UTR PTT Arnhem Women 03, Group C",UTR Women,,07:00,Sari van Ham,Dunya Charalampopoulos
"UTR PTT Arnhem Women 03, Group A",UTR Women,,07:00,Xenia Bandurowska,Vanja Gudelj
"UTR PTT Arnhem Women 03, Group A",UTR Women,,07:00,Polina Kuharenko,Zejda Veljacic
"UTR PTT Arnhem Men 03, Group D",UTR Men,,07:00,Fatih Šišić,Leevi Saatela
"UTR PTT Arnhem Women 03, Group A",UTR Women,,07:00,Sophia Hurrion,Vanja Gudelj
ITF W35 Miyazaki 2 Women,ITF Women,Qualifications,07:00,Nayu Mitsunari,Koharu Niimi
"UTR PTT Arnhem Men 03, Group B",UTR Men,,07:00,Rein Koenders,Otso Martikainen
"UTR PTT Arnhem Women 03, Group C",UTR Women,,07:00,Sari van Ham,Annemarie Lazar
"UTR PTT Arnhem Women 03, Group C",UTR Women,,07:00,Diana Marcinkevica,Annemarie Lazar
"UTR PTT Arnhem Women 03, Group C",UTR Women,,07:00,Diana Marcinkevica,Dunya Charalampopoulos
"UTR PTT Arnhem Men 03, Group A",UTR Men,,07:00,Luciano Larosa,August Brostroem Poulsen
"UTR PTT Arnhem Men 03, Group A",UTR Men,,07:00,Colin Standaart,Luciano Larosa
"UTR PTT Arnhem Men 03, Group A",UTR Men,,07:00,Colin Standaart,Sander Juuhl Sivertsen
"UTR PTT Arnhem Women 03, Group B",UTR Women,,07:00,Francesca Franchi,Amber Maalderink
"UTR PTT Arnhem Women 03, Group B",UTR Women,,07:00,Francesca Franchi,Julia Adams
"UTR PTT Arnhem Women 03, Group B",UTR Women,,07:00,Katerina Melicharova,Julia Adams
"UTR PTT Arnhem Men 03, Group A",UTR Men,,07:00,Victor Ryden,Luciano Larosa
"UTR PTT Arnhem Women 03, Group B",UTR Women,,07:00,Safien Boulonois,Julia Adams
"UTR PTT Arnhem Men 03, Group A",UTR Men,,07:00,Sander Juuhl Sivertsen,Luciano Larosa
"UTR PTT Arnhem Men 03, Group A",UTR Men,,07:00,Sander Juuhl Sivertsen,August Brostroem Poulsen
"UTR PTT Arnhem Men 03, Group B",UTR Men,,07:00,Rein Koenders,Niels Lootsma
ITF W35 Miyazaki 2 Women,ITF Women,Qualifications,07:00,Natsumi Shioya,Himari Sato
"UTR PTT Arnhem Men 03, Group B",UTR Men,,07:00,Otso Martikainen,Cas de Ruiter
"UTR PTT Arnhem Men 03, Group A",UTR Men,,07:00,Victor Ryden,Sander Juuhl Sivertsen
"UTR PTT Arnhem Men 03, Group B",UTR Men,,07:00,Otso Martikainen,Niels Lootsma
"UTR PTT Arnhem Men 03, Group B",UTR Men,,07:00,Aydan Gomez Osorio,Otso Martikainen
"UTR PTT Arnhem Men 03, Group B",UTR Men,,07:00,Aydan Gomez Osorio,Niels Lootsma
"UTR PTT Arnhem Men 03, Group B",UTR Men,,07:00,Aydan Gomez Osorio,Cas de Ruiter
"UTR PTT Arnhem Men 03, Group A",UTR Men,,07:00,Colin Standaart,August Brostroem Poulsen
"UTR PTT Arnhem Men 03, Group C",UTR Men,,07:00,Gautam S Venkatraman,Roland Stuurman
"UTR PTT Arnhem Men 03, Group B",UTR Men,,07:00,Rein Koenders,Cas de Ruiter
"UTR PTT Arnhem Men 03, Group C",UTR Men,,07:00,Gautam S Venkatraman,Alex Solonenko
ITF W35 Miyazaki 2 Women,ITF Women,Qualifications,07:00,Suzuna Oigawa,Karen Tsutsumi
ITF W35 Miyazaki 2 Women,ITF Women,Qualifications,07:00,Yasmin Vavrova,Nana Kawagishi
"UTR PTT Arnhem Men 03, Group D",UTR Men,,07:00,Fatih Šišić,Twan Van Zijl
"UTR PTT Arnhem Men 03, Group D",UTR Men,,07:00,Fatih Šišić,Pavel Petrov
"UTR PTT Arnhem Men 03, Group D",UTR Men,,07:00,Pavel Petrov,Leevi Saatela
"UTR PTT Arnhem Men 03, Group D",UTR Men,,07:00,Cian McDonnell,Pavel Petrov
"UTR PTT Arnhem Men 03, Group D",UTR Men,,07:00,Cian McDonnell,Twan Van Zijl
"UTR PTT Arnhem Men 03, Group D",UTR Men,,07:00,Cian McDonnell,Leevi Saatela
"UTR PTT Arnhem Men 03, Group D",UTR Men,,07:00,Fatih Šišić,Cian McDonnell
"UTR PTT Arnhem Men 03, Group C",UTR Men,,07:00,Ole Bredschneijder,Moritz Mayer
"UTR PTT Arnhem Men 03, Group C",UTR Men,,07:00,Ole Bredschneijder,Roland Stuurman
"UTR PTT Arnhem Men 03, Group C",UTR Men,,07:00,Ole Bredschneijder,Alex Solonenko
"UTR PTT Arnhem Men 03, Group C",UTR Men,,07:00,Gautam S Venkatraman,Moritz Mayer
"UTR PTT Arnhem Men 03, Group C",UTR Men,,07:00,Moritz Mayer,Roland Stuurman
"UTR PTT Arnhem Women 03, Group C",UTR Women,,07:00,Diana Marcinkevica,Anastasiya Kuparev
"UTR PTT Arnhem Women 03, Group C",UTR Women,,07:00,Anastasiya Kuparev,Annemarie Lazar
"UTR PTT Arnhem Women 03, Group B",UTR Women,,07:00,Francesca Franchi,Katerina Melicharova
"UTR PTT Arnhem Women 03, Group A",UTR Women,,07:00,Xenia Bandurowska,Sophia Hurrion
"UTR PTT Arnhem Women 03, Group C",UTR Women,,07:00,Anastasiya Kuparev,Dunya Charalampopoulos
"UTR PTT Arnhem Women 03, Group B",UTR Women,,07:00,Safien Boulonois,Katerina Melicharova
"UTR PTT Arnhem Women 03, Group B",UTR Women,,07:00,Safien Boulonois,Amber Maalderink
"UTR PTT Arnhem Men 03, Group C",UTR Men,,07:00,Moritz Mayer,Alex Solonenko
"UTR PTT Arnhem Women 03, Group C",UTR Women,,07:00,Sari van Ham,Anastasiya Kuparev
"UTR PTT Arnhem Men 03, Group D",UTR Men,,07:00,Pavel Petrov,Twan Van Zijl
"UTR PTT Arnhem Men 03, Group A",UTR Men,,07:00,Victor Ryden,August Brostroem Poulsen
ITF W100 Tokyo Women,ITF Women,Qualifications,07:09,Ayano Shimizu,Sakura Hosogi
ITF W100 Tokyo Women,ITF Women,Qualifications,07:09,Viktoria Morvayova,Gabriella da Silva Fick
ITF W100 Tokyo Women,ITF Women,Qualifications,07:11,Mayuka Aikawa,Momoko Kobori
"Shymkent, Kazakhstan",Challenger,Round of 32,07:20,Sandro Kopp,Damir Zhalgasbay
"Shymkent, Kazakhstan",Challenger,Round of 32,07:20,Buvaysar Gadamauri,Sean Cuenin
"Shymkent, Kazakhstan",Challenger,Round of 32,07:20,Tomasz Berkieta,Jelle Sels
ITF M25 Santa Margherita di Pula 4 Men,ITF Men,Qualifications,07:30,Mattias Pisanu,Filippo Pecorini
ITF M25 Santa Margherita di Pula 4 Men,ITF Men,Qualifications,07:30,Gregorio Biondolillo,Andrea Zanini
ITF M25 Santa Margherita di Pula 4 Men,ITF Men,Qualifications,07:30,Giammarco Gandolfi,Giovanni Sanna
ITF M25 Santa Margherita di Pula 4 Men,ITF Men,Qualifications,07:30,Federico Bove,Simone Macchione
ITF M25 Santa Margherita di Pula 4 Men,ITF Men,Qualifications,07:30,Alessandro Coccioli,Matteo Liusso
ITF M25 Santa Margherita di Pula 4 Men,ITF Men,Qualifications,07:30,Sergio Planella Hernandez,Patric Prinoth
ITF M25 Santa Margherita di Pula 4 Men,ITF Men,Qualifications,07:30,Stefan Horia Haita,Bruno Kokot
ITF W35 Santa Margherita di Pula Women,ITF Women,Qualifications,07:30,Eleejah Inisan,Viktoria Veleva
ITF M25 Santa Margherita di Pula 4 Men,ITF Men,Qualifications,07:30,Noah Lopez,Alberto Sanna
 ITF W35 Sharm El Sheikh Women,ITF Women,Qualifications,08:00,Amira Badawi,Ela Plošnik
ITF W35 Santa Margherita di Pula Women,ITF Women,Qualifications,08:00,Tamila Gadamauri,Cindy Langlais
ITF W35 Santa Margherita di Pula Women,ITF Women,Qualifications,08:00,Julie Paštiková,Greta Rizzetto
ITF W35 Santa Margherita di Pula Women,ITF Women,Qualifications,08:00,Isabelle Cherny,Shannon Lam
ITF W35 Santa Margherita di Pula Women,ITF Women,Qualifications,08:00,Carlotta Moccia,Dunja Marić
ITF W35 Santa Margherita di Pula Women,ITF Women,Qualifications,08:00,Emma Lene,Aurora Nosei
 ITF W35 Sharm El Sheikh Women,ITF Women,Qualifications,08:00,Darya Kharlanova,Valeriia Shvetsova
ITF W35 Santa Margherita di Pula Women,ITF Women,Qualifications,08:00,Barbara Dessolis,Romane Longueville
ITF W35 Miyazaki 2 Women,ITF Women,Qualifications,08:00,Azusa Ishii,Sera Nishimoto
ITF W35 Santa Margherita di Pula Women,ITF Women,Qualifications,08:00,Gaia Maduzzi,Carolina Dibenedetto
 ITF W35 Sharm El Sheikh Women,ITF Women,Qualifications,08:00,Kuzivaishe Chapepa,Anna Jelinkova
ITF W75 Chiasso Women,ITF Women,Qualifications,08:00,Tena Lukas,Adrienn Nagy
ITF W75 Chiasso Women,ITF Women,Qualifications,08:00,Aneta Kučmová,Sofia Alekseeva
ITF W75 Chiasso Women,ITF Women,Qualifications,08:00,Arina Bulatova,Emily Seibold
ITF W75 Chiasso Women,ITF Women,Qualifications,08:00,Deborah Chiesa,Marie Vogt
ITF W15 Pretoria 2 Women,ITF Women,Qualifications,08:00,Sukhdeep Kaur,Avida Caby
ITF W15 Pretoria 2 Women,ITF Women,Qualifications,08:00,Sofiia Nagornaia,Maria Zolotukhina
ITF W15 Pretoria 2 Women,ITF Women,Qualifications,08:00,Nicole Dzenga,Abigayel Vosloo
ITF W15 Pretoria 2 Women,ITF Women,Qualifications,08:00,Abhilasha Bista,Gitta Victor
ITF W15 Pretoria 2 Women,ITF Women,Qualifications,08:00,Aaddi Gupta,Mila Gligorov
ITF M25 Sharm El Sheikh 3 Men,ITF Men,Qualifications,08:00,Sergey Petrov,Andre Biciusca Meinertz
ITF M25 Sharm El Sheikh 3 Men,ITF Men,Qualifications,08:00,Hugo Soares,Gabriele Leccisi
ITF M25 Sharm El Sheikh 3 Men,ITF Men,Qualifications,08:00,Henrik Bergen,Cedric Stanke
ITF M25 Sharm El Sheikh 3 Men,ITF Men,Qualifications,08:00,Gery Silvestri,Tim Vaisman
 ITF W35 Sharm El Sheikh Women,ITF Women,Qualifications,08:00,Laima Vladson,Veronika Udina
ITF W35 Santa Margherita di Pula Women,ITF Women,Qualifications,08:00,Angelica Raggi,Lara Schmidt
"Madrid, Spain, Qualifying",ATP,Qualification Round 1,08:00,Andrea Pellegrino,Martin Damm Jr
ITF M25 Luzhou Men,ITF Men,Qualifications,08:00,Yaoyu Yang,Weiyi Kong
"Madrid, Spain, Qualifying",WTA,Qualification Round 1,08:00,Ruth Roura Llaverias,Dominika Salkova
"Madrid, Spain, Qualifying",WTA,Qualification Round 1,08:00,Simona Waltert,Despina Papamichail
"Rome, Italy",Challenger,Round of 32,08:00,Andrea Vavassori,Maxim Mrva
"Rome, Italy",Challenger,Round of 32,08:00,Dan Added,Arthur Fery
"Rome, Italy",Challenger,Round of 32,08:00,Enrico Dalla Valle,Nikolas Sanchez Izquierdo
"Rome, Italy",Challenger,Round of 32,08:00,Nerman Fatić,Chun-Hsin Tseng
"Rome, Italy",Challenger,Round of 32,08:00,Pierre-Hugues Herbert,Guy Den Ouden
"Rome, Italy",Challenger,Round of 32,08:00,Remy Bertola,Filip Cristian Jianu
"Rome, Italy, Doubles",Challenger,Round of 16,08:00,Barrientos N / Behar A,Hermans M / Watt J
"Rome, Italy, Doubles",Challenger,Round of 16,08:00,Bayldon B / Veldheer M,Vavassori A / Vavassori M
"Rome, Italy, Doubles",Challenger,Round of 16,08:00,Cadenasso G / Romano F,"R / Tseng, C H Ho."
"Rome, Italy, Doubles",Challenger,Round of 16,08:00,Karol M / Paulson A,Jecan A / Pavel B
"Rome, Italy, Doubles",Challenger,Round of 16,08:00,Latinovic S / Ruehl T,Bondioli F / Caniato C A
"Rome, Italy, Doubles",Challenger,Round of 16,08:00,Martos Gornes S / Prashanth N V S,Banthia S / Donski A
"Rome, Italy, Doubles",Challenger,Round of 16,08:00,Vega Hernandez D / Winter Lopez B,Kittay B / Willis M
"Rome, Italy, Qualifying",Challenger,Qualification Final,08:00,Alex Martinez,Andrea Guerrieri
"Rome, Italy, Qualifying",Challenger,Qualification Final,08:00,Martin Krumich,Jacopo Vasamì
"Rome, Italy, Qualifying",Challenger,Qualification Final,08:00,Michele Ribecai,Filippo Romano
"Oeiras 4, Portugal, Doubles",WTA 125,Round of 16,08:00,Bayerlova M / Lepchenko V,Kempen M / Salden L
"Oeiras 4, Portugal, Doubles",WTA 125,Round of 16,08:00,Bhosale R / Raina A,Cho I-H / Cho Y T
"Oeiras 4, Portugal, Doubles",WTA 125,Round of 16,08:00,Costoulas S / Jorge M,Fossa Huergo N / Gorgodze E
"Oeiras 4, Portugal, Doubles",WTA 125,Round of 16,08:00,Martins I / Ovcharenko E,Bara I M / Monnet C
"Oeiras 4, Portugal, Doubles",WTA 125,Round of 16,08:00,Pridankina E / Tang Q,Havlickova L / Naef C
"Madrid, Spain, Qualifying",WTA,Qualification Round 1,08:00,Nikola Bartunkova,Katarzyna Kawa
"Madrid, Spain, Qualifying",WTA,Qualification Round 1,08:00,Alina Charaeva,Aliaksandra Sasnovich
"Rome, Italy, Doubles",Challenger,Round of 16,08:00,Cervantes I / Pujol Navarro B,Cukierman D / Hilderbrand T
"Madrid, Spain",WTA,Round of 128,08:00,Yulia Putintseva,Tereza Valentová
"Madrid, Spain",WTA,Round of 128,08:00,Elena-Gabriela Ruse,Antonia Ružić
"Madrid, Spain",WTA,Round of 128,08:00,Janice Tjen,Maria Sakkari
"Madrid, Spain",WTA,Round of 128,08:00,Ashlyn Krueger,Sofia Kenin
"Madrid, Spain",WTA,Round of 128,08:00,Kaitlin Quevedo,Venus Williams
"Madrid, Spain",WTA,Round of 128,08:00,Anna Bondar,Viktorija Golubic
"Madrid, Spain",WTA,Round of 128,08:00,Laura Siegemund,Irina-Camelia Begu
"Madrid, Spain",WTA,Round of 128,08:00,Magdalena Frech,Katerina Siniakova
"Madrid, Spain",WTA,Round of 128,08:00,Zeynep Sönmez,Carlota Martinez Cirez
"Madrid, Spain",WTA,Round of 128,08:00,Anastasia Zakharova,Camila Osorio
"Madrid, Spain",WTA,Round of 128,08:00,Dayana Yastremska,Solana Sierra
"Madrid, Spain, Qualifying",ATP,Qualification Round 1,08:00,Zachary Svajda,Rei Sakamoto
"Madrid, Spain, Qualifying",ATP,Qualification Round 1,08:00,Arthur Gea,Vilius Gaubas
"Madrid, Spain",WTA,Round of 128,08:00,Paula Badosa,Julia Grabher
"Madrid, Spain",WTA,Round of 128,08:00,Petra Marčinko,Victoria Jimenez Kasintseva
"Madrid, Spain",WTA,Round of 128,08:00,Peyton Stearns,Lois Boisson
"Madrid, Spain",WTA,Round of 128,08:00,Robin Montgomery,Magda Linette
"Madrid, Spain",WTA,Round of 128,08:00,Shuai Zhang,Eva Lys
"Madrid, Spain",WTA,Round of 128,08:00,Talia Gibson,Emiliana Arango
"Madrid, Spain",WTA,Round of 128,08:00,Tatjana Maria,Laura Samson
"Madrid, Spain",WTA,Round of 128,08:00,Taylor Townsend,Katie Boulter
"Madrid, Spain, Qualifying",ATP,Qualification Round 1,08:00,Cristian Garin,Nicolas Jarry
"Madrid, Spain",WTA,Round of 128,08:00,Beatriz Haddad Maia,Jessica Bouzas Maneiro
"UTR PTT Arnhem Women 03, Group C",UTR Women,,08:10,Sari van Ham,Diana Marcinkevica
"UTR PTT Arnhem Women 03, Group B",UTR Women,,08:10,Francesca Franchi,Safien Boulonois
"UTR PTT Arnhem Men 03, Group A",UTR Men,,08:10,Colin Standaart,Victor Ryden
"UTR PTT Arnhem Men 03, Group B",UTR Men,,08:10,Rein Koenders,Aydan Gomez Osorio
ITF M25 Angers Men,ITF Men,Qualifications,08:15,Thomas Gimenez,Antoni Fabre
ITF M25 Angers Men,ITF Men,Qualifications,08:15,Rares Teodor Pieleanu,Zaccharie Cado
ITF M15 Monastir 14 Men,ITF Men,Qualifications,08:30,Aristarkh Safonov,Jovan Bjelobrk
ITF M15 Monastir 14 Men,ITF Men,Qualifications,08:30,Vito Dell'Elba,Filippo Callerio
ITF M15 Monastir 14 Men,ITF Men,Qualifications,08:30,Takahiro Kubo,Mustapha El Natour
ITF M15 Monastir 14 Men,ITF Men,Qualifications,08:30,Rocco Valente,Yoan Naydenov
ITF M15 Sanxenxo Men,ITF Men,Qualifications,08:30,Charles Chen,Pablo Aunion
ITF M15 Sanxenxo Men,ITF Men,Qualifications,08:30,Alexandre Reco,Jose Freitas
ITF M15 Monastir 14 Men,ITF Men,Qualifications,08:30,Oscar Brown,Juan Ignacio Lombisano
ITF M15 Monastir 14 Men,ITF Men,Qualifications,08:30,Nick Beamish,Matič Hribar
ITF M15 Monastir 14 Men,ITF Men,Qualifications,08:30,Mark Tsetlin,Ahmed Mouhan
ITF M15 Monastir 14 Men,ITF Men,Qualifications,08:30,Hiromasa Koyama,Stefano Papagno
ITF M15 Sanxenxo Men,ITF Men,Qualifications,08:30,Justas Trainauskas,Mario Arce Fernández
"Shymkent, Kazakhstan",Challenger,Round of 32,08:35,Svyatoslav Gulin,Max Hans Rehberg
"Shymkent, Kazakhstan",Challenger,Round of 32,08:35,Petr Bar Biryukov,Gijs Brouwer
ITF W15 Pretoria 2 Women,ITF Women,Qualifications,09:00,Lorena Zandamela,Takara Giles
ITF M15 Heraklion 6 Men,ITF Men,Qualifications,09:00,Joshua Peck,Simon Levy
ITF M15 Heraklion 6 Men,ITF Men,Qualifications,09:00,Noah Thurner,Itay Ezra
ITF M15 Heraklion 6 Men,ITF Men,Qualifications,09:00,Filip Kosinski,Louis Herman
ITF M15 Heraklion 6 Men,ITF Men,Qualifications,09:00,Ektoras Tsatsakis,Nicola Ion
ITF W15 Pretoria 2 Women,ITF Women,Qualifications,09:00,Apeksha Reddy Kandadi,P. Rodriguez Carretero
ITF W15 Pretoria 2 Women,ITF Women,Qualifications,09:00,Mirindra Fanomezantsoa Razafinarivo,Mia-Leigh Cilliers
"Oeiras 4, Portugal",WTA 125,Round of 32,09:00,Miroslava Medvedeva,Maja Chwalinska
ITF W15 Pretoria 2 Women,ITF Women,Qualifications,09:00,Pooja Kudesia,Kayleigh Stayt
ITF M15 Heraklion 6 Men,ITF Men,Qualifications,09:00,Reece Falck,Omer Eshkol Bruck
"Oeiras 4, Portugal",WTA 125,Round of 32,09:00,Andrea Lazaro Garcia,Mona Barthel
"Oeiras 4, Portugal",WTA 125,Round of 32,09:00,Darja Semenistaja,Anna-Lena Friedsam
"Oeiras 4, Portugal",WTA 125,Round of 32,09:00,Fiona Ferro,Bianca Andreescu
"Oeiras 4, Portugal",WTA 125,Round of 32,09:00,Jil Teichmann,Whitney Osuigwe
"Oeiras 4, Portugal",WTA 125,Round of 32,09:00,Linda Klimovicova,Angelina Voloshchuk
ITF W15 Pretoria 2 Women,ITF Women,Qualifications,09:00,Monique Murek,Leticia Zandamela
"Oeiras 4, Portugal",WTA 125,Round of 32,09:00,Matilde Jorge,Lucia Bronzetti
"Oeiras 4, Portugal, Qualifying",WTA 125,Qualification Final,09:00,Alisa Oktiabreva,Ayana Akli
"Oeiras 4, Portugal, Qualifying",WTA 125,Qualification Final,09:00,Lucie Havlickova,Mia Ristić
"Oeiras 4, Portugal, Qualifying",WTA 125,Qualification Final,09:00,Polina Kudermetova,Lea Bošković
ITF W15 Pretoria 2 Women,ITF Women,Qualifications,09:00,Valentina Khrebtova,Michelle Van Schalkwyk
ITF W15 Pretoria 2 Women,ITF Women,Qualifications,09:00,Talita Swart,Leilany Ipunesso
ITF W15 Pretoria 2 Women,ITF Women,Qualifications,09:00,Seember Matthew,Swasthika Arunkumar
ITF M15 Pretoria 2 Men,ITF Men,Qualifications,09:00,Makar Elesin,Jordan Hasson
ITF M15 Heraklion 6 Men,ITF Men,Qualifications,09:00,Samuel Garcia Hernandez,Liam Delicata
ITF M15 Pretoria 2 Men,ITF Men,Qualifications,09:00,Matas Vasiliauskas,Christian Smith
ITF M15 Pretoria 2 Men,ITF Men,Qualifications,09:00,Konstantinos Loukopoulos,Usman Kushimo
ITF M15 Pretoria 2 Men,ITF Men,Qualifications,09:00,Zaharije-Zak Talic,Stefan Storch
ITF M15 Pretoria 2 Men,ITF Men,Qualifications,09:00,Anders Matta,Pepijn Bastiaansen
ITF M15 Pretoria 2 Men,ITF Men,Qualifications,09:00,Bora Sengul,Cemil Tugra Duran
"Rome, Italy, Qualifying",Challenger,Qualification Final,09:10,David Jorda Sanchis,Cezar Cretu
"Madrid, Spain, Qualifying",WTA,Qualification Round 1,09:10,Anna Blinkova,Nuria Brancaccio
"Madrid, Spain, Qualifying",WTA,Qualification Round 1,09:10,Donna Vekić,Leolia Jeanjean
"Madrid, Spain, Qualifying",WTA,Qualification Round 1,09:10,Elvina Kalieva,Suzan Lamens
"Madrid, Spain, Qualifying",WTA,Qualification Round 1,09:10,Rebeka Masarova,Rebecca Šramková
"Rome, Italy, Qualifying",Challenger,Qualification Final,09:10,Miguel Damas,Carlo Alberto Caniato
"Madrid, Spain, Qualifying",ATP,Qualification Round 1,09:10,Yibing Wu,Manas Dhamne
"Madrid, Spain, Qualifying",ATP,Qualification Round 1,09:10,Otto Virtanen,Titouan Droguet
"Madrid, Spain, Qualifying",ATP,Qualification Round 1,09:10,Elmer Moller,Hugo Gaston
"Madrid, Spain, Qualifying",ATP,Qualification Round 1,09:10,Aleksandar Vukic,Pablo Llamas Ruiz
"Rome, Italy, Qualifying",Challenger,Qualification Final,09:10,Jonas Forejtek,Lorenzo Carboni
ITF M15 Sanxenxo Men,ITF Men,Qualifications,09:30,Louis Van Herck,Carles Rojas
ITF M15 Sanxenxo Men,ITF Men,Qualifications,09:30,Goncalo Marques,Ivan Lopez Martos
ITF M15 Sanxenxo Men,ITF Men,Qualifications,09:30,Asim Hashem,Rahul Dhokia
ITF M15 Monastir 14 Men,ITF Men,Qualifications,09:30,Daniel Domingos,Coffi Christian Dhossou
ITF W35 Santa Margherita di Pula Women,ITF Women,Qualifications,09:30,Nina Radovanovic,Elza Tomase
ITF W35 Santa Margherita di Pula Women,ITF Women,Qualifications,09:30,Odeta Panasa,Marianne Argyrokastriti
"UTR PTT Arnhem Men 03, Group B",UTR Men,,09:30,Niels Lootsma,Cas de Ruiter
ITF W35 Santa Margherita di Pula Women,ITF Women,Qualifications,09:30,Marta Lombardini,Camilla Gennaro
ITF W35 Santa Margherita di Pula Women,ITF Women,Qualifications,09:30,Lingling Zhu,Astrid Wanja Brune Olsen
ITF W35 Santa Margherita di Pula Women,ITF Women,Qualifications,09:30,Eleonora Alvisi,Luna Vujović
ITF W35 Santa Margherita di Pula Women,ITF Women,Qualifications,09:30,Arina Gabriela Vasilescu,Basia Carroll
ITF M15 Monastir 14 Men,ITF Men,Qualifications,09:30,Yannis Batsabaken,Charles Dossetter
ITF M15 Monastir 14 Men,ITF Men,Qualifications,09:30,Valentino Conte,Jacques-Kai Inoue
ITF M15 Monastir 14 Men,ITF Men,Qualifications,09:30,Raghav Harsh,Louis Allen
ITF M15 Monastir 14 Men,ITF Men,Qualifications,09:30,Noah Karma,Bhavya Singhmar
ITF M15 Monastir 14 Men,ITF Men,Qualifications,09:30,Marko Retelj,Casper Nicolle
ITF M15 Monastir 14 Men,ITF Men,Qualifications,09:30,Josh Gwynne,Mohamed Ali Abibsi
ITF W35 Santa Margherita di Pula Women,ITF Women,Qualifications,09:30,Yuliana Lizarazo,Marcella Dessolis
"UTR PTT Arnhem Men 03, Group C",UTR Men,,09:30,Gautam S Venkatraman,Ole Bredschneijder
ITF M15 Monastir 14 Men,ITF Men,Qualifications,09:30,Alberto Garcia Garcia,David Cristian Carteputreda
"UTR PTT Arnhem Women 03, Group C",UTR Women,,09:30,Annemarie Lazar,Dunya Charalampopoulos
ITF M25 Santa Margherita di Pula 4 Men,ITF Men,Round of 32,09:30,Michele Mecarelli,Manuel Mazza
"UTR PTT Arnhem Women 03, Group D",UTR Women,,09:30,Nikola Koprivova,Sarah Olff
ITF M25 Angers Men,ITF Men,Qualifications,09:45,Tymur Bieldiugin,Edoardo Zanada
ITF M15 Monastir 14 Men,ITF Men,Qualifications,10:00,Ahmed Mouhan,Ruslan Serazhetdinov
ITF M25 Sharm El Sheikh 3 Men,ITF Men,Qualifications,10:00,Siddharth Gowthaman,Omar Morsy
ITF M25 Sharm El Sheikh 3 Men,ITF Men,Qualifications,10:00,Andrei Kunitsyn,Gabriele Thomas Brancatelli
 ITF W35 Sharm El Sheikh Women,ITF Women,Qualifications,10:00,Nicole Gadient,Tamara Kostic
 ITF W35 Sharm El Sheikh Women,ITF Women,Qualifications,10:00,Kudzai Erin Patience Chapepa,Anastasia Mozgaleva
 ITF W35 Sharm El Sheikh Women,ITF Women,Qualifications,10:00,Kate Uzhylovska,Nina Sozaonova
 ITF W35 Sharm El Sheikh Women,ITF Women,Qualifications,10:00,Sofia Germani,Paulina Martynova
ITF M25 Sharm El Sheikh 3 Men,ITF Men,Qualifications,10:00,Anton Arzhankin,Bader Idrees
ITF M25 Sharm El Sheikh 3 Men,ITF Men,Qualifications,10:00,Mikhail Kondzero,Dorian Makarski
ITF M25 Sharm El Sheikh 3 Men,ITF Men,Qualifications,10:00,Kandhavel Mahalingam Akilandeshwari,Jan Kluczynski
ITF M25 Sharm El Sheikh 3 Men,ITF Men,Qualifications,10:00,Ivan Anhelov,Zubin Anklesaria
ITF M25 Sharm El Sheikh 3 Men,ITF Men,Qualifications,10:00,Henrik Bergen,Haybert Tahmasian
ITF M25 Sharm El Sheikh 3 Men,ITF Men,Qualifications,10:00,Gery Silvestri,Pavlo Bodnarchuk
"Oeiras 3, Portugal",WTA 125,Final,10:00,Maja Chwalinska,Sinja Kraus
ITF M25 Sharm El Sheikh 3 Men,ITF Men,Qualifications,10:00,Gabriele Leccisi,Bogdan Seleznev
ITF M25 Sharm El Sheikh 3 Men,ITF Men,Qualifications,10:00,Shanmukh Vuppala Kumar,Volodoymyr Uzhylovskyi
ITF M25 Sharm El Sheikh 3 Men,ITF Men,Qualifications,10:00,Seifelden Mostafa Samih,Brian Dal Zilio
 ITF W35 Sharm El Sheikh Women,ITF Women,Qualifications,10:00,Anna Snigireva,Sofia Mortensen
ITF W75 Chiasso Women,ITF Women,Qualifications,10:00,Federica Urgesi,Luisa Meyer Auf Der Heide
ITF M25 Sharm El Sheikh 3 Men,ITF Men,Qualifications,10:00,Dorian Makarski,Daniil Stepanov
ITF M25 Sharm El Sheikh 3 Men,ITF Men,Qualifications,10:00,Ivan Anhelov,Volodoymyr Uzhylovskyi
ITF M25 Sharm El Sheikh 3 Men,ITF Men,Qualifications,10:00,Pietro Augusto Bonivento,Tomas Lanik
ITF M25 Sharm El Sheikh 3 Men,ITF Men,Qualifications,10:00,Seifelden Mostafa Samih,Yassin Ahmed Wageh
ITF M25 Sharm El Sheikh 3 Men,ITF Men,Qualifications,10:00,Viktor Frydrych,Omar Morsy
ITF M25 Sharm El Sheikh 3 Men,ITF Men,Qualifications,10:00,Aaron Funk,Jan Kluczynski
ITF W75 Chiasso Women,ITF Women,Qualifications,10:00,Ana Frommenwiler,Lucija Ćirić-Bagarić
"Abidjan, Cote d Ivoire, Qualifying",Challenger,Qualification Round 1,10:00,Daniel Adeleye,Elijah Sanogo
ITF M15 Monastir 14 Men,ITF Men,Qualifications,10:00,Casper Nicolle,Hudson Baxter
ITF W75 Chiasso Women,ITF Women,Qualifications,10:00,Valentina Steiner,Berfu Cengiz
"Abidjan, Cote d Ivoire, Qualifying",Challenger,Qualification Round 1,10:00,Jean-Paul Kadangah Kili,Matteo Fondriest
ITF W75 Chiasso Women,ITF Women,Qualifications,10:00,Martina Colmegna,Stefaniya Pushkar
"Rome, Italy, Qualifying",Challenger,Qualification Round 1,10:05,Alessio Balestrieri,Filippo Romano
"Oeiras 4, Portugal, Qualifying",WTA 125,Qualification Final,10:10,Elena Ruxandra Bertea,Francesca Curmi
ITF M25 Angers Men,ITF Men,Qualifications,10:15,Michiel De Krom,Iiro Vasa
ITF M25 Angers Men,ITF Men,Qualifications,10:15,Ferdinand Livet Novkirichka,Enzo Champigneulle
"Rome, Italy",Challenger,Round of 32,10:20,Dalibor Svrčina,Alexander Vasilev
"Rome, Italy",Challenger,Round of 32,10:20,Henri Squire,Stefanos Sakellaridis
"Madrid, Spain, Qualifying",WTA,Qualification Round 1,10:20,Sara Sorribes Tormo,Tamara Korpatsch
"Madrid, Spain, Qualifying",ATP,Qualification Round 1,10:20,Billy Harris,Daniel Merida
"Madrid, Spain, Qualifying",ATP,Qualification Round 1,10:20,Quentin Halys,Jaime Faria
"Madrid, Spain, Qualifying",ATP,Qualification Round 1,10:20,Lloyd Harris,Mackenzie McDonald
"Madrid, Spain, Qualifying",WTA,Qualification Round 1,10:20,Panna Udvardy,Julieta Pareja
"Madrid, Spain, Qualifying",WTA,Qualification Round 1,10:20,Katie Volynets,Oceane Dodin
"Rome, Italy, Qualifying",Challenger,Qualification Round 1,10:20,Michele Ribecai,Alessandro Pastorini
"Madrid, Spain, Qualifying",WTA,Qualification Round 1,10:20,Tyra Caterina Grant,Veronika Erjavec
"Madrid, Spain, Qualifying",ATP,Qualification Round 1,10:20,Marco Trungelliti,Borna Gojo
ITF W50 Roehampton Women,ITF Women,Qualifications,10:22,Lucrezia Musetti,Karla Popović
ITF M25 Angers Men,ITF Men,Qualifications,10:23,Rares Teodor Pieleanu,Lukas Morand
 ITF W35 Sharm El Sheikh Women,ITF Women,Qualifications,10:30,Darya Volkova,Nicole Giannini
"Oeiras 4, Portugal",WTA 125,Round of 32,10:30,Milana Ivantsiv,Elena Pridankina
 ITF W35 Sharm El Sheikh Women,ITF Women,Qualifications,10:30,Vanesa Salaiova,Jana Denisenko
 ITF W35 Sharm El Sheikh Women,ITF Women,Qualifications,10:30,Louna Zoppas,Kiara Nina Kučiková
"Oeiras 4, Portugal",WTA 125,Round of 32,10:30,Carol Young-suh Lee,Varvara Lepchenko
 ITF W35 Sharm El Sheikh Women,ITF Women,Qualifications,10:30,Sofia Martianova,Paulina Martynova
ITF M15 Monastir 14 Men,ITF Men,Qualifications,10:30,Yannis Batsabaken,J. Abde Celis
ITF M15 Monastir 14 Men,ITF Men,Qualifications,10:30,Marcus Kobayashi,Louis Allen
ITF M15 Monastir 14 Men,ITF Men,Qualifications,10:30,Jaishnav Shinde,Nick Beamish
ITF M15 Monastir 14 Men,ITF Men,Qualifications,10:30,Jacques-Kai Inoue,Rowan Blackbeard
ITF M25 Santa Margherita di Pula 4 Men,ITF Men,Round of 32,10:30,Matteo Mura,Nikolai Barsukov
ITF M25 Santa Margherita di Pula 4 Men,ITF Men,Round of 32,10:30,Marvin Möller,Lucca Helguera Casado
ITF M25 Santa Margherita di Pula 4 Men,ITF Men,Round of 32,10:30,Lorenzo Rottoli,Kasra Rahmani
ITF M25 Santa Margherita di Pula 4 Men,ITF Men,Round of 32,10:30,Lorenzo Lorusso,Francesco Forti
ITF M25 Santa Margherita di Pula 4 Men,ITF Men,Round of 32,10:30,Jacopo Borsoi,Giacomo Crisostomo
ITF M15 Monastir 14 Men,ITF Men,Qualifications,10:30,Milledge Cossu,Raghav Harsh
ITF M25 Santa Margherita di Pula 4 Men,ITF Men,Round of 32,10:30,Federico Arnaboldi,Alex Lapsansky
ITF M15 Monastir 14 Men,ITF Men,Qualifications,10:30,Valentino Conte,Christopher Sousou
ITF M15 Monastir 14 Men,ITF Men,Qualifications,10:30,Oscar Darder Dias,Josh Gwynne
ITF W50 Roehampton Women,ITF Women,Qualifications,10:34,Alba Rey Garcia,Eloise Newberry
"Oeiras 4, Portugal, Qualifying",WTA 125,Qualification Round 1,10:35,Tessa Johanna Brockmann,Ayana Akli
"Shymkent, Kazakhstan, Qualifying",Challenger,Qualification Round 1,10:40,Giuseppe La Vela,Nikita Belozertsev
ITF W50 Roehampton Women,ITF Women,Qualifications,10:58,Lily Hutchings,Paula Cembranos
"Barcelona, Spain, Doubles",ATP,Final,11:00,Cash J / Glasspool L,Herbert P / Vavassori A
"Rouen, France, Doubles",WTA,Final,11:00,Liang E / Q. Tang,Maleckova J / Skoch M
ITF M15 Heraklion 6 Men,ITF Men,Qualifications,11:00,Sten Hiiesalu,Khalid Saadia
ITF W15 Monastir 11 Women,ITF Women,Qualifications,11:00,Ava Schueller,Ellie Daniels
ITF W15 Monastir 11 Women,ITF Women,Qualifications,11:00,Ariadna Garcia-Patron Canals,Zara Darken
"UTR PTT Arnhem Men 03, Group D",UTR Men,,11:00,Leevi Saatela,Twan Van Zijl
ITF M15 Monastir 14 Men,ITF Men,Qualifications,11:00,Charles Dossetter,Carlos Zerega
"UTR PTT Arnhem Men 03, Group C",UTR Men,,11:00,Alex Solonenko,Roland Stuurman
ITF W75 Chiasso Women,ITF Women,Qualifications,11:00,Jessica Bertoldo,Lucia Cortez Llorca
ITF W75 Chiasso Women,ITF Women,Qualifications,11:00,Aurora Zantedeschi,Maria Sara Popa
ITF M15 Heraklion 6 Men,ITF Men,Qualifications,11:00,Yassine Smiej,Georgios Dimitriou
"Stuttgart, Germany",WTA,Final,11:00,Elena Rybakina,Karolina Muchova
ITF W50 Roehampton Women,ITF Women,Qualifications,11:00,Jana Otzipka,Julita Saner
ITF M15 Sanxenxo Men,ITF Men,Qualifications,11:00,Charles Chen,Sebastian Pino
ITF M15 Sanxenxo Men,ITF Men,Qualifications,11:00,Goncalo Marques,Marc Ros Mesas
ITF M15 Sanxenxo Men,ITF Men,Qualifications,11:00,Ivan Lopez Martos,Adrien Burdet
ITF M15 Sanxenxo Men,ITF Men,Qualifications,11:00,Hugo Maia,Guilherme Valdoleiros
ITF M15 Sanxenxo Men,ITF Men,Qualifications,11:00,Ilan Zheng-Xiong Hediger,Carlos Giraldi
ITF W75 Chiasso Women,ITF Women,Qualifications,11:00,Maria Martinez Vaquero,Yara Bartashevich
ITF M15 Sanxenxo Men,ITF Men,Qualifications,11:00,Carlos Diaz Ruiz,Pablo Aunion
ITF M15 Pretoria 2 Men,ITF Men,Qualifications,11:00,Tim Kohl,Richard Antoni
ITF W75 Chiasso Women,ITF Women,Qualifications,11:00,Sarina Schnyder,Alessandra Mazzola
ITF M15 Pretoria 2 Men,ITF Men,Qualifications,11:00,Melih Anavatan,Ronan Tashinga Mtisi
ITF M15 Pretoria 2 Men,ITF Men,Qualifications,11:00,Gray Voelzke,Nicholas Van Aken
ITF M15 Pretoria 2 Men,ITF Men,Qualifications,11:00,James Beaven,Beren Tan
ITF M15 Heraklion 6 Men,ITF Men,Qualifications,11:00,Sten Hiiesalu,Alvar Lange
ITF M15 Heraklion 6 Men,ITF Men,Qualifications,11:00,Nicola Senn,Lars Aregger
ITF M15 Heraklion 6 Men,ITF Men,Qualifications,11:00,Maxime Rochat,Dorian Kos
ITF M15 Heraklion 6 Men,ITF Men,Qualifications,11:00,Leo Gutjahr,Uri Gilon
ITF M15 Heraklion 6 Men,ITF Men,Qualifications,11:00,Henry Lieberman,Rom Gonik
ITF M15 Heraklion 6 Men,ITF Men,Qualifications,11:00,Gabriel Miller,Dean Thurner
ITF M15 Heraklion 6 Men,ITF Men,Qualifications,11:00,Fabio Karner,Alexander Gschiel
ITF M15 Heraklion 6 Men,ITF Men,Qualifications,11:00,Alex Jones,David Yalanuzyan
ITF M15 Monastir 14 Men,ITF Men,Qualifications,11:00,Tomas Giangrasso,Bhavya Singhmar
"UTR PTT Arnhem Women 03, Group D",UTR Women,,11:00,Kate Gardiner,Oliwia Drozdz
ITF M15 Heraklion 6 Men,ITF Men,Qualifications,11:00,Corban Crowther,Ioannis Stamatopoulos
ITF W15 Monastir 11 Women,ITF Women,Qualifications,11:00,Mariia Bergen,Viola Bedini
ITF W15 Monastir 11 Women,ITF Women,Qualifications,11:00,Elena Grekul,Celina Chiara Camarda
ITF W15 Monastir 11 Women,ITF Women,Qualifications,11:00,Matilde Mariani,Olympe Lancelot
ITF W15 Monastir 11 Women,ITF Women,Qualifications,11:00,Victoria Lazarova,Denise Valente
ITF W15 Monastir 11 Women,ITF Women,Qualifications,11:00,Eva Lopez,Ginevra Parentini
ITF W15 Monastir 11 Women,ITF Women,Qualifications,11:00,Fabienne Gettwart,Allegra Mondo
"Rome, Italy, Qualifying",Challenger,Qualification Round 1,11:05,Jonas Forejtek,Simone Rossolino
"Rome, Italy, Qualifying",Challenger,Qualification Round 1,11:10,Miguel Damas,Mika Brunold
"Madrid, Spain, Qualifying",WTA,Qualification Round 1,11:30,Dalma Galfi,Leyre Romero Gormaz
"UTR PTT Belgrade Women 04, 9-12 Playoffs",UTR Women,Final,11:30,Jana Bojovic,Katarzyna Wysoczanska
ITF M15 Pretoria 2 Men,ITF Men,Qualifications,11:30,Kerem Yilmaz,Niklas Maislinger
ITF W15 Monastir 11 Women,ITF Women,Qualifications,11:30,Anja Bianchi,Matilde Mariani
ITF W15 Monastir 11 Women,ITF Women,Qualifications,11:30,Annika Chiara Rittberger,Celina Chiara Camarda
ITF W15 Monastir 11 Women,ITF Women,Qualifications,11:30,Diana Maria Mihail,Alexandra Biot
ITF W15 Monastir 11 Women,ITF Women,Qualifications,11:30,Eva Lopez,Ria Ferguson
ITF W15 Monastir 11 Women,ITF Women,Qualifications,11:30,Laura Chanova,Viola Bedini
ITF M15 Pretoria 2 Men,ITF Men,Qualifications,11:30,Melih Anavatan,Guelord Kayombo
"Madrid, Spain, Qualifying",ATP,Qualification Round 1,11:30,Henrique Rocha,Jan Choinski
"Madrid, Spain, Qualifying",ATP,Qualification Round 1,11:30,Luca Van Assche,Diego Dedura-Palomero
"Madrid, Spain, Qualifying",WTA,Qualification Round 1,11:30,Lola Radivojević,Darja Vidmanova
"Abidjan, Cote d Ivoire, Qualifying",Challenger,Qualification Round 1,11:30,Jody Maginley,Lawrence Bataljin
"Madrid, Spain, Qualifying",WTA,Qualification Round 1,11:30,Viktoriya Tomova,Anastasia Pavlyuchenkova
"Munich, Germany",ATP,Final,11:30,Flavio Cobolli,Ben Shelton
"Madrid, Spain, Qualifying",WTA,Qualification Round 1,11:30,Yuliia Starodubtseva,Lucrezia Stefanini
ITF M15 Monastir 14 Men,ITF Men,Qualifications,11:30,Takahiro Kubo,Quentin Norris
"Oeiras 3, Portugal",Challenger,Final,11:30,Valentin Royer,Roman Safiullin
"Madrid, Spain, Qualifying",ATP,Qualification Round 1,11:30,Adolfo Daniel Vallejo,Pedro Martinez
"Rome, Italy",Challenger,Round of 32,11:30,Henry Bernet,Luka Pavlovic
"Madrid, Spain, Qualifying",ATP,Qualification Round 1,11:30,Darwin Blanch,Benjamin Bonzi
ITF W15 Monastir 11 Women,ITF Women,Qualifications,11:30,Zala Bizjak,Sophie Greiner
"Rome, Italy, Qualifying",Challenger,Qualification Round 1,11:35,Alessandro Spadola,Carlo Alberto Caniato
"Oeiras 4, Portugal, Qualifying",WTA 125,Qualification Round 1,11:35,Polina Kudermetova,Beatriz Castro
ITF M25 Angers Men,ITF Men,Qualifications,11:38,Zaccharie Cado,Melvin Kumar
ITF M15 Heraklion 5 Men Doubles,ITF Men,Final,11:39,Murgett F / Walters M,Deckers A / Oetzbach A
"Oeiras 4, Portugal",WTA 125,Round of 32,11:40,Sofia Costoulas,Anouk Koevermans
"UTR PTT Belgrade Men 03, 1-4 Playoffs",UTR Men,Final,11:40,Stefan Popović,George Lazarov
"Oeiras 4, Portugal",WTA 125,Round of 32,11:40,Francesca Jones,Guiomar Maristany
ITF M25 Angers Men,ITF Men,Qualifications,11:45,Charles Bertimon,Lenny Couturier
ITF W50 Roehampton Women,ITF Women,Qualifications,11:50,Eliz Maloney,Solymar Colling
ITF W15 Monastir 11 Women,ITF Women,Qualifications,12:00,Francesca Gandolfi,Alessia Marinescu
ITF M25 Sharm El Sheikh 3 Men,ITF Men,Qualifications,12:00,Isa Ebrahim,Daniil Stepanov
"Oeiras 4, Portugal",WTA 125,Round of 32,12:00,Greet Minnen,Carole Monnet
"UTR PTT Cordoba Men +H 04, 1-4 Playoffs",UTR Men,Final,12:00,Alejo Lorenzo Lingua Lavallen,Juan Ignacio Gallego
ITF M15 Heraklion 6 Men,ITF Men,Qualifications,12:00,Peter Sychev,Leo Gutjahr
"UTR PTT Cordoba Men +H 04, 13-16 Playoffs",UTR Men,Final,12:00,Nicolas Jara Lozano,Ramiro Amarilla
ITF M15 Heraklion 6 Men,ITF Men,Qualifications,12:00,Odysseas Rammos,Alexander Gschiel
ITF M15 Heraklion 6 Men,ITF Men,Qualifications,12:00,Fabio Karner,Bryan Heuwekemeijer
ITF M15 Heraklion 6 Men,ITF Men,Qualifications,12:00,David Yalanuzyan,Kirill Mishkin
ITF M25 Sharm El Sheikh 3 Men,ITF Men,Qualifications,12:00,Omar Kandil,Arjun Oza
"UTR PTT Cordoba Men +H 04, 17-20 Playoffs",UTR Men,Final,12:00,Felipe Dreer,Faustino Boffelli
ITF M25 Sharm El Sheikh 3 Men,ITF Men,Qualifications,12:00,Valerii Iordan,Lucas Gustin
ITF W15 Monastir 11 Women,ITF Women,Qualifications,12:00,Benedetta Ortenzi,Ha Yoon Son
ITF M15 Heraklion 6 Men,ITF Men,Qualifications,12:00,Uri Gilon,Gabriel Matuszewski
ITF M15 Heraklion 6 Men,ITF Men,Qualifications,12:00,Alex Jones,Omer Shamian
ITF W15 Monastir 11 Women,ITF Women,Qualifications,12:00,Sophie Greiner,Lya Isabel Fernandez Olivares
ITF M25 Santa Margherita di Pula 4 Men,ITF Men,Qualifications,12:00,Daniel Frasconi,Andrea Zanini
ITF W15 Monastir 11 Women,ITF Women,Qualifications,12:00,Julie Myatovic,Ines Delaloye
ITF W15 Monastir 11 Women,ITF Women,Qualifications,12:00,Sara Pantelic,Nahjime Dho
ITF W15 Monastir 11 Women,ITF Women,Qualifications,12:00,Katarina Jakubcova,Allegra Mondo
ITF M25 Sharm El Sheikh 3 Men,ITF Men,Qualifications,12:00,Finn Reilly,Tim Loosen
ITF W15 Monastir 11 Women,ITF Women,Qualifications,12:00,Aleksandra Pozarenko,Alexandra Biot
ITF W15 Monastir 11 Women,ITF Women,Qualifications,12:00,Aida Omercajic,Carlota Corte
ITF W15 Monastir 11 Women,ITF Women,Qualifications,12:00,Sarah Victoria Majesty Nita,Dominika Pirohova
ITF M25 Angers Men,ITF Men,Qualifications,12:03,Tymur Bieldiugin,Romain Andres
"Rome, Italy, Qualifying",Challenger,Qualification Round 1,12:10,Lorenzo Carboni,Norbert Gombos
ITF M15 Dubrovnik Men,ITF Men,Final,12:12,Sander Jong,Felix Balshaw
ITF M25 Angers Men,ITF Men,Qualifications,12:15,Pierre Delage,Thomas Gerbaud
ITF M25 Angers Men,ITF Men,Qualifications,12:15,Timeo Trufelli,Pierre Antoine Faut
ITF M15 Heraklion 6 Men,ITF Men,Qualifications,12:30,Yassine Smiej,Dylan Kazlauskas
ITF M15 Heraklion 6 Men,ITF Men,Qualifications,12:30,Ioannis Stamatopoulos,Gabriel Martino
ITF M15 Sanxenxo Men,ITF Men,Qualifications,12:30,Hugo Maia,Andres Pereiro Lopez
ITF M15 Sanxenxo Men,ITF Men,Qualifications,12:30,Borja Fernandez Couto Goi,Guilherme Valdoleiros
ITF M15 Sanxenxo Men,ITF Men,Qualifications,12:30,Chimo Minguez,Carlos Giraldi
ITF W15 Monastir 11 Women,ITF Women,Qualifications,12:30,Fabienne Kim Degroot,Victoria Lazarova
ITF M15 Heraklion 6 Men,ITF Men,Qualifications,12:30,Alvar Lange,Samuel Stolarik
ITF M15 Heraklion 6 Men,ITF Men,Qualifications,12:30,Georgios Dimitriou,Lucca Soares Guerra Maio Ribeiro
ITF M15 Heraklion 6 Men,ITF Men,Qualifications,12:30,Corban Crowther,Adam Kushnir
ITF W15 Monastir 11 Women,ITF Women,Qualifications,12:30,Sasha Natalie Chimedza,Ha Yoon Son
ITF W75 Chiasso Women,ITF Women,Qualifications,12:30,Cagla Buyukakcay,Marie Mettraux
ITF W75 Chiasso Women,ITF Women,Qualifications,12:30,Sapfo Sakellaridi,Yelyzaveta Kotliar
ITF M15 Sanxenxo Men,ITF Men,Qualifications,12:30,Ilan Zheng-Xiong Hediger,Hugo Garcia Gomez
ITF W15 Monastir 11 Women,ITF Women,Qualifications,12:30,Maria Eleni Poulka,Sarah Victoria Majesty Nita
ITF W15 Monastir 11 Women,ITF Women,Qualifications,12:30,Aida Omercajic,Ares Teixido Garcia
ITF W50 Roehampton Women,ITF Women,Qualifications,12:39,Kristina Novak,Lois Newberry
"Oeiras 4, Portugal, Qualifying",WTA 125,Qualification Round 1,12:40,Elizara Yaneva,Alisa Oktiabreva
"Madrid, Spain, Qualifying",ATP,Qualification Round 1,12:40,Rinky Hijikata,Chris Rodesch
"Madrid, Spain, Qualifying",ATP,Qualification Round 1,12:40,Nicolai Budkov Kjaer,Francesco Maestrelli
"Madrid, Spain, Qualifying",ATP,Qualification Round 1,12:40,Dušan Lajović,Matteo Arnaldi
"Madrid, Spain, Qualifying",WTA,Qualification Round 1,12:40,Diane Parry,Sloane Stephens
"Madrid, Spain, Qualifying",WTA,Qualification Round 1,12:40,Hanne Vandewinkel,Linda Fruhvirtova
"Madrid, Spain, Qualifying",WTA,Qualification Round 1,12:40,Marina Bassols Ribera,Anhelina Kalinina
"Madrid, Spain, Qualifying",ATP,Qualification Round 1,12:40,Aleksandar Kovacevic,Moez Echargui
"Madrid, Spain, Qualifying",WTA,Qualification Round 1,12:40,Nauhany Vitoria Leme Da Silva,Daria Snigur
ITF M25 Angers Men,ITF Men,Qualifications,12:43,Enzo Rimoli,Iiro Vasa
"Abidjan, Cote d Ivoire, Qualifying",Challenger,Qualification Final,12:45,Oskar Brostrom Poulsen,Adil Kalyanpur
ITF W15 Monastir 11 Women,ITF Women,Qualifications,12:45,Ines Esteves,Alessia Marinescu
"Abidjan, Cote d Ivoire, Qualifying",Challenger,Qualification Round 1,12:50,Moye Lucas Nadal Koffi,Jeremy Schifris
"Oeiras 4, Portugal, Doubles",WTA 125,Round of 16,12:50,Brooks M / Corley I,Akli A / Voloshchuk A
"Oeiras 4, Portugal, Qualifying",WTA 125,Qualification Round 1,12:50,Lucie Havlickova,Kika Lima
"Rome, Italy, Qualifying",Challenger,Qualification Round 1,12:55,Philip Henning,David Jorda Sanchis
ITF W15 Monastir 11 Women,ITF Women,Qualifications,13:00,Ines Delaloye,Vlada Budkina
ITF W15 Monastir 11 Women,ITF Women,Qualifications,13:00,Alexia Trasca,Zara Darken
"Oeiras 4, Portugal",WTA 125,Round of 32,13:00,Ekaterine Gorgodze,Yue Yuan
ITF W50 Roehampton Women,ITF Women,Qualifications,13:01,Andrė Lukošiūtė,Amelie Brooks
"Oeiras 4, Portugal, Doubles",WTA 125,Round of 16,13:10,Barnett A / Feng S,Karamoko N / Semenistaja D
ITF W50 Roehampton Women,ITF Women,Qualifications,13:17,María Oliver Sánchez,Carolin Raschdorf
"Stuttgart, Germany, Doubles",WTA,Final,13:20,Ostapenko J / Zhang S,Melichar-Martinez N / Samsonova L
"Rome, Italy, Qualifying",Challenger,Qualification Round 1,13:20,Jamie Mackenzie,Cezar Cretu
"Rouen, France",WTA,Final,13:30,Marta Kostyuk,Veronika Podrez
ITF M25 Angers Men,ITF Men,Qualifications,13:47,Michiel De Krom,Timothee Andriveau
"Madrid, Spain, Qualifying",WTA,Qualification Round 1,13:50,Anastasia Potapova,Teodora Kostović
"Oeiras 4, Portugal, Qualifying",WTA 125,Qualification Round 1,13:50,Francesca Curmi,Claire Liu
"Madrid, Spain, Qualifying",WTA,Qualification Round 1,13:50,Alycia Parks,Elina Avanesyan
"Madrid, Spain, Qualifying",WTA,Qualification Round 1,13:50,Martina Trevisan,Sinja Kraus
"Madrid, Spain, Qualifying",ATP,Qualification Round 1,13:50,Patrick Kypson,Moise Kouame
"Madrid, Spain, Qualifying",ATP,Qualification Round 1,13:50,Dino Prižmić,Christopher O'Connell
"Madrid, Spain, Qualifying",WTA,Qualification Round 1,13:50,Ksenia Efremova,Lulu Sun
"Madrid, Spain, Qualifying",ATP,Qualification Round 1,13:50,Zsombor Piros,Tomás Barrios Vera
"Madrid, Spain, Qualifying",ATP,Qualification Round 1,13:50,Stefano Travaglia,Nikoloz Basilashvili
ITF W50 Roehampton Women,ITF Women,Qualifications,13:59,Leticia Romanova,Ana Konjuh
"Savannah, USA, Qualifying",Challenger,Qualification Final,14:00,Andrew Johnson,Roberto Cid Subervi
"Savannah, USA, Qualifying",Challenger,Qualification Final,14:00,Braden Shick,Nick Hardt
"Savannah, USA, Qualifying",Challenger,Qualification Final,14:00,Kilian Feldbausch,Christian Langmo
 ITF W35 Sharm El Sheikh Women,ITF Women,Qualifications,14:00,Amelie Justine Hejtmanek,Greta Petrillo
 ITF W35 Sharm El Sheikh Women,ITF Women,Qualifications,14:00,Teodora Vlajić,Daria Gorska
ITF M25 Sharm El Sheikh 3 Men,ITF Men,Qualifications,14:00,Christoph Gayk,Lucas Gustin
ITF M25 Sharm El Sheikh 3 Men,ITF Men,Qualifications,14:00,Pietro Augusto Bonivento,Ibrahim Kandil
ITF M25 Sharm El Sheikh 3 Men,ITF Men,Qualifications,14:00,Paul Roeder,Tim Vaisman
"Barcelona, Spain",ATP,Final,14:00,Andrey Rublev,Arthur Fils
ITF W75 Chiasso Women,ITF Women,Qualifications,14:00,Milana Zhabrailova,Noemi Basiletti
ITF W75 Chiasso Women,ITF Women,Qualifications,14:00,Rasheeda McAdoo,Oana Georgeta Simion
ITF M25 Sharm El Sheikh 3 Men,ITF Men,Qualifications,14:00,Vesa Ahti,Mattias Southcombe
ITF M25 Sharm El Sheikh 3 Men,ITF Men,Qualifications,14:00,Omar Kandil,Tim Loosen
ITF M25 Sharm El Sheikh 3 Men,ITF Men,Qualifications,14:00,Hugo Soares,Denis Rasshchupkin
ITF M25 Sharm El Sheikh 3 Men,ITF Men,Qualifications,14:00,Bader Idrees,Sebastian Huggins
ITF M25 Sharm El Sheikh 3 Men,ITF Men,Qualifications,14:00,Gabriele Thomas Brancatelli,Filip Kiryllo
"Savannah, USA, Qualifying",Challenger,Qualification Round 1,14:05,Boris Kozlov,Nick Hardt
"ITF W35 Zephyrhills, FL Women",ITF Women,Final,14:06,Akasha Urhobo,Angela Fita Boluda
"Oeiras 4, Portugal, Doubles",WTA 125,Round of 16,14:10,Kudermetova P / Osuigwe W,Ivantsiv M / Medvedeva M
"Savannah, USA, Qualifying",Challenger,Qualification Round 1,14:10,Braden Shick,Strong Kirchheimer
"Savannah, USA, Qualifying",Challenger,Qualification Round 1,14:10,Ryan Colby,Christian Langmo
ITF W50 Roehampton Women,ITF Women,Qualifications,14:11,Lilian Poling,Ophelia Korpanec Davies
"Abidjan, Cote d Ivoire, Qualifying",Challenger,Qualification Final,14:15,Oscar Weightman,Brandon Perez
ITF M25 Angers Men,ITF Men,Qualifications,14:21,Timeo Trufelli,Pierre Antoine Tailleu
ITF M25 Angers Men,ITF Men,Qualifications,14:22,Edoardo Zanada,Arthur Bonnaud
ITF W15 Monastir 11 Women,ITF Women,Qualifications,14:30,Sara Pantelic,Amanda Montes Khaghani
"Rome, Italy",Challenger,Round of 32,14:30,Alex Barrena,Gianluca Cadenasso
ITF W50 Roehampton Women,ITF Women,Qualifications,14:39,Aleksandra Mateva,Julita Saner
ITF W50 Roehampton Women,ITF Women,Qualifications,14:56,Iveta Dapkutė,Mia Wainwright
"UTR PTT Yokohama Men 05, Group B",UTR Men,,15:00,Jungwon Park,Christopher Kosei Ono
ITF M15 Quito Men,ITF Men,Qualifications,15:00,Valentino Grippo,Camilo Erazo Rodriguez
ITF M15 Quito Men,ITF Men,Qualifications,15:00,Sergio Luis Hernandez Ramirez,Juan Dominguez Collado
ITF M15 Quito Men,ITF Men,Qualifications,15:00,Patricio Alvarado,Manuel Mouilleron Salvo
ITF M15 Quito Men,ITF Men,Qualifications,15:00,Breno Braga,Juan Fernando Salvador Villagomez
"ITF M15 Orlando, FL Men",ITF Men,Final,15:08,Corentin Denolly,Justin Roberts
" ITF W15 Orlando, FL Women",ITF Women,Final,15:08,Margaux Maquet,Emery Combs
"Savannah, USA, Qualifying",Challenger,Qualification Final,15:10,Nicolas Kicker,Raphael Perot
"Savannah, USA, Qualifying",Challenger,Qualification Final,15:10,Aidan Mayo,Quinn Vandecasteele
"Savannah, USA, Qualifying",Challenger,Qualification Final,15:10,Tyler Zink,Bruno Kuzuhara
ITF M15 Quito Men,ITF Men,Qualifications,15:10,Breno Braga,Vicente Jose Benitez
ITF M15 Quito Men,ITF Men,Qualifications,15:11,Juan Fernando Salvador Villagomez,Jose Luis Claro
ITF M15 Quito Men,ITF Men,Qualifications,15:11,Mateus Napoli da Silveira,Manuel Mouilleron Salvo
ITF M15 Quito Men,ITF Men,Qualifications,15:16,Camilo Erazo Rodriguez,Juan Ignacio Barraza
ITF M15 Pretoria 2 Men,ITF Men,Qualifications,15:30,Konstantinos Loukopoulos,Usman Kushimo
ITF M15 Pretoria 2 Men,ITF Men,Qualifications,15:30,Konstantinos Loukopoulos,Vasilios Caripi
"Savannah, USA, Qualifying",Challenger,Qualification Round 1,15:35,Kaylan Bigun,Roberto Cid Subervi
ITF M25 Angers Men,ITF Men,Qualifications,15:37,Arthur Lenglet,Pierre Antoine Faut
ITF W50 Roehampton Women,ITF Women,Qualifications,15:46,Beatris Spasova,Sabine Rutlauka
"Savannah, USA, Qualifying",Challenger,Qualification Round 1,16:00,Garrett Johns,Andrew Johnson
ITF M25 Angers Men,ITF Men,Qualifications,16:13,Lenny Couturier,Maxence Rivet
ITF M25 Angers Men,ITF Men,Qualifications,16:28,Pierre Delage,Scott Ekindi
"Savannah, USA, Qualifying",Challenger,Qualification Round 1,16:30,Kilian Feldbausch,Dmitry Popko
ITF M15 Quito Men,ITF Men,Qualifications,16:30,Henrique Ortenblad Nogueira,Michael Alejandro Beltran Rubio
ITF M15 Heraklion 6 Men,ITF Men,Qualifications,16:30,Jamie Mackenzie,Rom Gonik
ITF M15 Heraklion 6 Men,ITF Men,Qualifications,16:30,Henry Lieberman,Artis Agris Libergs
"Tallahassee, USA",Challenger,Final,16:30,Joao Lucas Reis da Silva,Clement Tabur
ITF M15 Quito Men,ITF Men,Qualifications,16:52,Valentino Grippo,Darwin Andres Macias Elizalde
ITF M15 Quito Men,ITF Men,Qualifications,17:00,Volodymyr Gurenko,Victor De Castro Rocha
"Savannah, USA",Challenger,Round of 32,17:00,Daniil Glinka,Stefan Kozlov
"Savannah, USA",Challenger,Round of 32,17:00,Hynek Barton,Daniel Elahi Galan
"Abidjan, Cote d Ivoire, Qualifying",Challenger,Qualification Final,17:00,Aditya Vishal Balsekar,Jeremy Schifris
ITF M25 Xalapa,ITF Men,Qualifications,17:00,Jerry Roddick,E. Cruz Vazquez
ITF M25 Xalapa,ITF Men,Qualifications,17:00,Jack Patrick McGary,Mitchell Dobek
"Abidjan, Cote d Ivoire, Qualifying",Challenger,Qualification Final,17:00,Younes Lalami Laaroussi,Jody Maginley
"Abidjan, Cote d Ivoire, Qualifying",Challenger,Qualification Final,17:00,Samir Hamza Reguig,Daniel Adeleye
ITF M15 Quito Men,ITF Men,Qualifications,17:00,Juan Fuentes Vasquez,Eugenio Almeida Junior
ITF M15 Quito Men,ITF Men,Qualifications,17:00,Nicolas Hollender,Glauco Pinheiro Da Cruz Junior
ITF M25 Angers Men,ITF Men,Qualifications,17:05,Charles Bertimon,Christophe Pognon
"Savannah, USA, Qualifying",Challenger,Qualification Round 1,17:15,Daniel Dutra Da Silva,Aidan Mayo
ITF M15 Quito Men,ITF Men,Qualifications,17:25,Volodymyr Gurenko,Lucas Goncalves Franca
"UTR PTT Newport Beach Women 09, Group B",UTR Women,,17:30,Veronica Miroshnichenko,Emily Golovanov
ITF M25 Xalapa,ITF Men,Qualifications,17:30,Patricio Gonzalez,Erick Manzano Navarro
"UTR PTT Newport Beach Men 09, Group D",UTR Men,,17:30,Luka Vuglar,Miles Clark
"UTR PTT Newport Beach Men 09, Group A",UTR Men,,17:30,Sean Grosman,Luis Francisco
"UTR PTT Newport Beach Women 09, Group D",UTR Women,,17:30,Kiana Smith,Maria Aytoyan
ITF M25 Xalapa,ITF Men,Qualifications,17:30,Wulfrano Martinez Mora Esdras,Rafael Candelas Ruiz
ITF M15 Quito Men,ITF Men,Qualifications,17:35,Patricio Alvarado,Martin Rivadeneira
ITF M25 Angers Men,ITF Men,Qualifications,17:51,Aubin Rouillon,Thomas Gerbaud
"Savannah, USA, Qualifying",Challenger,Qualification Round 1,18:00,Joshua Sheehy,Quinn Vandecasteele
"Abidjan, Cote d Ivoire",Challenger,Round of 32,18:10,Massimo Giunta,Andrew Fenty
"Abidjan, Cote d Ivoire",Challenger,Round of 32,18:10,Aziz Dougaz,Paul Jubb
"Savannah, USA",Challenger,Round of 32,18:10,Liam Draxl,Pedro Boscardin Dias
"Abidjan, Cote d Ivoire, Qualifying",Challenger,Qualification Final,18:10,Matt Kuhar,Matteo Fondriest
ITF M15 Quito Men,ITF Men,Qualifications,18:44,Lorenzo Sverzut Corsini,Juan Dominguez Collado
ITF M25 Xalapa,ITF Men,Qualifications,19:00,Diego Roberto Hernandez Cisneros,Emiliano Aguilera Guerrero
ITF M25 Xalapa,ITF Men,Qualifications,19:00,Jerry Roddick,Erick Manzano Navarro
ITF M25 Xalapa,ITF Men,Qualifications,19:00,Diego Eloy Mendez Montiel,Lance Amaury Lage Castelan
ITF M25 Xalapa,ITF Men,Qualifications,19:00,Oswaldo Alejandro Reyes Tirado,Jesus Martinez Miranda
ITF M25 Xalapa,ITF Men,Qualifications,19:00,Jordan Chiu,Eric Cuevas
ITF M15 Quito Men,ITF Men,Qualifications,19:05,Sergio Luis Hernandez Ramirez,Bernardo Casares
ITF M15 Quito Men,ITF Men,Qualifications,19:19,Victor De Castro Rocha,Martin Maldonado
"Abidjan, Cote d Ivoire",Challenger,Round of 32,19:20,Maxime Chazal,Millen Hurrion
"UTR PTT Newport Beach Men 09, Group D",UTR Men,,19:30,David Duong,Elijah Strode
"UTR PTT Newport Beach Women 09, Group A",UTR Women,,19:30,Ariana Gilbert,Emerey Gross
"UTR PTT Newport Beach Men 09, Group C",UTR Men,,19:30,Madhav Binu,Julius Bult
"UTR PTT Newport Beach Women 09, Group A",UTR Women,,19:30,Amy Lee,Zimora McKnight
ITF M25 Xalapa,ITF Men,Qualifications,19:30,Antonio Jimenez,Jesus Martinez Miranda
ITF M25 Xalapa,ITF Men,Qualifications,19:30,Oswaldo Alejandro Reyes Tirado,Raul Ivan Hernandez Rubio
"Savannah, USA, Qualifying",Challenger,Qualification Round 1,19:35,Gordon Gallagher,Raphael Perot
"Savannah, USA, Qualifying",Challenger,Qualification Round 1,19:35,Nicolas Kicker,Johannes Ingildsen
"Savannah, USA, Qualifying",Challenger,Qualification Round 1,20:00,Tyler Zink,Ronit Karki
ITF M25 Xalapa,ITF Men,Qualifications,20:00,Antoine Voisin,Roberto Herman
ITF M25 Xalapa,ITF Men,Qualifications,20:00,Diego Eloy Mendez Montiel,A. Blancas Olvera
ITF M25 Xalapa,ITF Men,Qualifications,20:00,Enmanuel Munoz,Miguel Gamborino
ITF M25 Xalapa,ITF Men,Qualifications,20:00,Lance Amaury Lage Castelan,Marat Sanchez Ballinas
ITF M15 Quito Men,ITF Men,Qualifications,20:24,Juan Fuentes Vasquez,I. Sanchez Bahamon
ITF M15 Quito Men,ITF Men,Qualifications,20:43,Nicolas Hollender,C. Carrera Hidalgo
ITF M25 Xalapa,ITF Men,Qualifications,21:00,Jack Patrick McGary,Wulfrano Martinez Mora Esdras
ITF M25 Xalapa,ITF Men,Qualifications,21:00,Enmanuel Munoz,Roberto Herman
"Savannah, USA, Qualifying",Challenger,Qualification Round 1,21:00,Alan Magadan,Bruno Kuzuhara
ITF M25 Xalapa,ITF Men,Qualifications,21:00,Marco Alvarez,Wilhelm Saiga
ITF M15 Quito Men,ITF Men,Qualifications,21:27,Eugenio Almeida Junior,Franco Marini
"Savannah, USA",Challenger,Round of 32,21:30,Kei Nishikori,Colton Smith
ITF M25 Xalapa,ITF Men,Qualifications,22:00,Ying Hou,Oliver Sanders
ITF M15 Quito Men,ITF Men,Qualifications,22:03,Mauricio Pinto,Michael Alejandro Beltran Rubio
ITF M15 Quito Men,ITF Men,Qualifications,22:12,Brian Zerwes Tremblay,Glauco Pinheiro Da Cruz Junior
ITF M25 Xalapa,ITF Men,Qualifications,23:00,Marco Alvarez,D. Ceballos Soltero
ITF M15 Quito Men,ITF Men,Qualifications,23:11,Henrique Ortenblad Nogueira,Adrian Maldonado
ITF M25 Xalapa,ITF Men,Qualifications,23:30,Dante Rojas,Wilhelm Saiga
ITF M25 Xalapa,ITF Men,Qualifications,23:30,Ricardo Reyna,Oliver Sanders
