event_id,circuito,tourney_name,tourney_date,round,surface,winner_name,loser_name,winner_sets,loser_sets,scrape_date,ALL_aces_home,ALL_aces_away,ALL_double_faults_home,ALL_double_faults_away,ALL_first_serve_home,ALL_first_serve_away,ALL_second_serve_home,ALL_second_serve_away,ALL_first_serve_points_home,ALL_first_serve_points_away,ALL_second_serve_points_home,ALL_second_serve_points_away,ALL_service_games_played_home,ALL_service_games_played_away,ALL_break_points_saved_home,ALL_break_points_saved_away,ALL_total_home,ALL_total_away,ALL_service_points_won_home,ALL_service_points_won_away,ALL_receiver_points_won_home,ALL_receiver_points_won_away,ALL_max_points_in_a_row_home,ALL_max_points_in_a_row_away,ALL_total_won_home,ALL_total_won_away,ALL_service_games_won_home,ALL_service_games_won_away,ALL_max_games_in_a_row_home,ALL_max_games_in_a_row_away,ALL_first_serve_return_points_home,ALL_first_serve_return_points_away,ALL_second_serve_return_points_home,ALL_second_serve_return_points_away,ALL_return_games_played_home,ALL_return_games_played_away,ALL_break_points_converted_home,ALL_break_points_converted_away,ALL_tiebreaks_home,ALL_tiebreaks_away,1ST_aces_home,1ST_aces_away,1ST_double_faults_home,1ST_double_faults_away,1ST_first_serve_home,1ST_first_serve_away,1ST_second_serve_home,1ST_second_serve_away,1ST_first_serve_points_home,1ST_first_serve_points_away,1ST_second_serve_points_home,1ST_second_serve_points_away,1ST_service_games_played_home,1ST_service_games_played_away,1ST_break_points_saved_home,1ST_break_points_saved_away,1ST_service_points_won_home,1ST_service_points_won_away,1ST_receiver_points_won_home,1ST_receiver_points_won_away,1ST_max_points_in_a_row_home,1ST_max_points_in_a_row_away,1ST_max_games_in_a_row_home,1ST_max_games_in_a_row_away,1ST_first_serve_return_points_home,1ST_first_serve_return_points_away,1ST_second_serve_return_points_home,1ST_second_serve_return_points_away,1ST_return_games_played_home,1ST_return_games_played_away,1ST_break_points_converted_home,1ST_break_points_converted_away,1ST_tiebreaks_home,1ST_tiebreaks_away,2ND_aces_home,2ND_aces_away,2ND_double_faults_home,2ND_double_faults_away,2ND_first_serve_home,2ND_first_serve_away,2ND_second_serve_home,2ND_second_serve_away,2ND_first_serve_points_home,2ND_first_serve_points_away,2ND_second_serve_points_home,2ND_second_serve_points_away,2ND_service_games_played_home,2ND_service_games_played_away,2ND_break_points_saved_home,2ND_break_points_saved_away,2ND_service_points_won_home,2ND_service_points_won_away,2ND_receiver_points_won_home,2ND_receiver_points_won_away,2ND_max_points_in_a_row_home,2ND_max_points_in_a_row_away,2ND_max_games_in_a_row_home,2ND_max_games_in_a_row_away,2ND_first_serve_return_points_home,2ND_first_serve_return_points_away,2ND_second_serve_return_points_home,2ND_second_serve_return_points_away,2ND_return_games_played_home,2ND_return_games_played_away,2ND_break_points_converted_home,2ND_break_points_converted_away,2ND_tiebreaks_home,2ND_tiebreaks_away,3RD_aces_home,3RD_aces_away,3RD_double_faults_home,3RD_double_faults_away,3RD_first_serve_home,3RD_first_serve_away,3RD_second_serve_home,3RD_second_serve_away,3RD_first_serve_points_home,3RD_first_serve_points_away,3RD_second_serve_points_home,3RD_second_serve_points_away,3RD_service_games_played_home,3RD_service_games_played_away,3RD_service_points_won_home,3RD_service_points_won_away,3RD_receiver_points_won_home,3RD_receiver_points_won_away,3RD_max_points_in_a_row_home,3RD_max_points_in_a_row_away,3RD_first_serve_return_points_home,3RD_first_serve_return_points_away,3RD_second_serve_return_points_home,3RD_second_serve_return_points_away,3RD_return_games_played_home,3RD_return_games_played_away,3RD_break_points_converted_home,3RD_break_points_converted_away,3RD_tiebreaks_home,3RD_tiebreaks_away,3RD_break_points_saved_home,3RD_break_points_saved_away,3RD_max_games_in_a_row_home,3RD_max_games_in_a_row_away
15921176,ATP,"Monte Carlo, Monaco",2026-04-12,Semifinals,Red clay,Jannik Sinner,Alexander Zverev,2,0,20260413,0,1,2,0,33/54 (61%),23/39 (59%),19/21 (90%),16/16 (100%),14/33 (42%),20/23 (87%),12/21 (57%),12/16 (75%),9,8,0/4 (0%),0/0 (0%),33,60,26,32,7,28,3,10,5,12,5,8,1,4,3/23 (13%),19/33 (57%),4/16 (25%),9/21 (42%),8,9,0,4,0,0,0,0,0,0,15/23 (65%),7/17 (41%),8/8 (100%),10/10 (100%),3/15 (20%),5/7 (71%),5/8 (63%),7/10 (70%),4,3,0/3 (0%),0/0 (0%),8,12,5,15,2,6,1,4,2/7 (28%),12/15 (80%),3/10 (30%),3/8 (37%),3,4,0,3,0,0,0,1,2,0,17/31 (55%),16/22 (73%),12/14 (86%),6/6 (100%),11/17 (65%),15/16 (94%),7/14 (50%),5/6 (83%),5,5,0/1 (0%),0/0 (0%),18,20,2,13,3,5,1,2,1/16 (6%),6/17 (35%),1/6 (16%),7/14 (50%),5,5,0,1,0,0,,,,,,,,,,,,,,,,,,,,,,,,,,,,,,,,,,
15921172,ATP,"Monte Carlo, Monaco",2026-04-12,Semifinals,Red clay,Carlos Alcaraz,Valentin Vacherot,2,0,20260413,3,3,3,1,31/51 (61%),40/59 (68%),17/20 (85%),18/19 (95%),25/31 (81%),28/40 (70%),12/20 (60%),9/19 (47%),10,10,0/1 (0%),1/3 (33%),59,51,37,37,22,14,4,8,12,8,9,7,3,2,12/40 (30%),6/31 (19%),10/19 (52%),8/20 (40%),10,10,2,1,0,0,2,1,0,0,16/23 (70%),18/27 (67%),7/7 (100%),9/9 (100%),14/16 (88%),13/18 (72%),6/7 (86%),6/9 (67%),5,5,0/0 (0%),0/1 (0%),20,19,8,3,4,4,3,1,5/18 (27%),2/16 (12%),3/9 (33%),1/7 (14%),5,5,1,0,0,0,1,2,3,1,15/28 (54%),22/32 (69%),10/13 (77%),9/10 (90%),11/15 (73%),15/22 (68%),6/13 (46%),3/10 (30%),5,5,0/1 (0%),1/3 (33%),17,18,14,11,4,8,3,2,7/22 (31%),4/15 (26%),7/10 (70%),7/13 (53%),5,5,2,1,0,0,,,,,,,,,,,,,,,,,,,,,,,,,,,,,,,,,,
15921175,ATP,"Monte Carlo, Monaco",2026-04-12,Final,Red clay,Jannik Sinner,Carlos Alcaraz,2,0,20260413,3,0,5,2,54/92 (59%),38/75 (51%),33/38 (87%),35/37 (95%),31/54 (57%),25/38 (66%),22/38 (58%),24/37 (65%),10,11,7/9 (77%),2/3 (66%),79,88,53,49,26,39,5,5,9,13,7,9,3,5,13/38 (34%),23/54 (42%),13/37 (35%),16/38 (42%),11,10,1,2,0,1,1,0,3,2,28/49 (57%),24/45 (53%),18/21 (86%),19/21 (90%),19/28 (68%),17/24 (71%),12/21 (57%),13/21 (62%),6,6,3/4 (75%),0/1 (0%),31,30,15,18,5,4,2,2,7/24 (29%),9/28 (32%),8/21 (38%),9/21 (42%),6,6,1,1,0,1,2,0,2,0,25/43 (58%),14/30 (47%),16/18 (89%),16/16 (100%),12/25 (48%),8/14 (57%),10/18 (56%),11/16 (69%),4,5,5/7 (71%),3/4 (75%),22,19,11,21,5,5,3,5,6/14 (42%),13/25 (52%),5/16 (31%),8/18 (44%),5,4,1,2,0,0,,,,,,,,,,,,,,,,,,,,,,,,,,,,,,,,,,
15989235,ATP,"Munich, Germany, Qualifying",2026-04-12,Qualification Round 1,Red clay,Max Hans Rehberg,Arthur Fery,2,0,20260413,2,0,4,1,45/73 (62%),43/65 (66%),24/28 (86%),21/22 (95%),31/45 (69%),26/43 (60%),14/28 (50%),7/22 (32%),10,10,3/5 (60%),1/5 (20%),77,61,45,33,32,28,7,7,13,8,8,6,5,3,17/43 (39%),14/45 (31%),15/22 (68%),14/28 (50%),10,10,4,2,1,0,1,0,0,1,18/25 (72%),15/22 (68%),7/7 (100%),6/7 (86%),12/18 (67%),9/15 (60%),5/7 (71%),2/7 (29%),4,4,2/2 (100%),0/2 (0%),17,11,11,8,4,3,5,1,6/15 (40%),6/18 (33%),5/7 (71%),2/7 (28%),4,4,2,0,0,0,1,0,4,0,25/48 (52%),26/43 (60%),19/23 (83%),17/17 (100%),18/25 (72%),16/26 (62%),10/23 (43%),6/17 (35%),6,6,3/5 (60%),2/4 (50%),28,22,21,20,7,7,4,3,10/26 (38%),7/25 (28%),11/17 (64%),13/23 (56%),6,6,2,2,1,0,,,,,,,,,,,,,,,,,,,,,,,,,,,,,,,,,,
15989237,ATP,"Munich, Germany, Qualifying",2026-04-12,Qualification Round 1,Red clay,Diego Dedura-Palomero,Alexander Shevchenko,2,0,20260413,2,1,0,1,54/73 (74%),51/85 (60%),19/19 (100%),33/34 (97%),32/54 (59%),34/51 (67%),11/19 (58%),21/34 (62%),10,11,3/5 (60%),7/8 (87%),73,85,43,55,30,30,6,7,9,13,8,10,3,3,17/51 (33%),22/54 (40%),13/34 (38%),8/19 (42%),11,10,1,2,0,1,2,1,0,1,21/31 (68%),17/35 (49%),10/10 (100%),17/18 (94%),14/21 (67%),13/17 (76%),4/10 (40%),11/18 (61%),4,5,5/6 (83%),4/4 (100%),18,24,11,13,3,4,1,3,4/17 (23%),7/21 (33%),7/18 (38%),6/10 (60%),5,4,0,1,0,0,0,0,0,0,33/42 (79%),34/50 (68%),9/9 (100%),16/16 (100%),18/33 (55%),21/34 (62%),7/9 (78%),10/16 (63%),6,6,0/1 (0%),4/5 (80%),25,31,19,17,6,7,3,2,13/34 (38%),15/33 (45%),6/16 (37%),2/9 (22%),6,6,1,1,0,1,,,,,,,,,,,,,,,,,,,,,,,,,,,,,,,,,,
15991756,ATP,"Munich, Germany, Qualifying",2026-04-12,Qualification Round 1,Red clay,Sumit Nagal,Lorenzo Giustino,1,1,20260413,5,3,2,3,25/48 (52%),36/53 (68%),21/23 (91%),14/17 (82%),18/25 (72%),25/36 (69%),15/23 (65%),7/17 (41%),8,8,0/1 (0%),1/3 (33%),54,47,33,32,21,15,8,5,9,7,7,6,3,3,11/36 (30%),7/25 (28%),10/17 (58%),8/23 (34%),8,8,2,1,0,0,2,1,0,3,11/21 (52%),14/22 (64%),10/10 (100%),5/8 (63%),8/11 (73%),9/14 (64%),8/10 (80%),1/8 (13%),4,3,0/0 (0%),2/4 (50%),16,10,12,5,8,4,3,1,5/14 (35%),3/11 (27%),7/8 (87%),2/10 (20%),3,4,2,0,0,0,3,2,2,0,13/24 (54%),21/31 (68%),9/11 (82%),10/10 (100%),9/13 (69%),15/21 (71%),6/11 (55%),7/10 (70%),4,5,0/1 (0%),0/0 (0%),15,22,9,9,5,5,1,3,6/21 (28%),4/13 (30%),3/10 (30%),5/11 (45%),5,4,0,1,0,0,0,0,0,0,1/3 (33%),0/0 (0%),2/2 (100%),0/0 (0%),1/1 (100%),0/0 (0%),1/2 (50%),0/0 (0%),0,0,2,0,0,1,1,1,0/0 (0%),0/1 (0%),0/0 (0%),1/2 (50%),0,0,0,0,0,0,,,,
15989241,ATP,"Munich, Germany, Qualifying",2026-04-12,Qualification Round 1,Red clay,Alex Molčan,Roberto Carballés Baena,2,1,20260413,2,3,3,1,52/82 (63%),57/93 (61%),27/30 (90%),35/36 (97%),32/52 (62%),34/57 (60%),16/30 (53%),18/36 (50%),12,13,7/8 (87%),6/9 (66%),89,86,48,52,41,34,5,9,13,12,9,9,6,3,23/57 (40%),20/52 (38%),18/36 (50%),14/30 (46%),13,12,3,1,0,0,2,0,1,0,16/24 (67%),11/19 (58%),7/8 (88%),8/8 (100%),9/16 (56%),3/11 (27%),6/8 (75%),3/8 (38%),3,3,2/2 (100%),5/8 (62%),15,6,13,9,5,3,6,0,8/11 (72%),7/16 (43%),5/8 (62%),2/8 (25%),3,3,3,0,0,0,0,1,2,1,17/31 (55%),23/40 (57%),12/14 (86%),16/17 (94%),9/17 (53%),13/23 (57%),7/14 (50%),10/17 (59%),4,5,4/6 (66%),3/4 (75%),16,23,17,15,4,6,2,3,10/23 (43%),8/17 (47%),7/17 (41%),7/14 (50%),5,4,1,2,0,0,0,2,0,0,18/27 (67%),21/34 (62%),9/9 (100%),13/13 (100%),13/18 (72%),17/21 (81%),4/9 (44%),6/13 (46%),5,5,17,23,11,10,5,9,4/21 (19%),5/18 (27%),7/13 (53%),5/9 (55%),5,5,0,1,0,0,2/3 (66%),1/1 (100%),1,3
15989236,ATP,"Munich, Germany, Qualifying",2026-04-12,Qualification Round 1,Red clay,Emilio Nava,David Goffin,2,0,20260413,6,1,3,3,36/58 (62%),37/60 (62%),19/22 (86%),20/23 (87%),28/36 (78%),19/37 (51%),11/22 (50%),15/23 (65%),9,9,3/4 (75%),3/6 (50%),65,53,39,34,26,19,6,4,12,6,8,5,3,2,18/37 (48%),8/36 (22%),8/23 (34%),11/22 (50%),9,9,3,1,0,0,3,1,0,2,14/25 (56%),23/40 (57%),11/11 (100%),15/17 (88%),11/14 (79%),12/23 (52%),7/11 (64%),10/17 (59%),5,5,0/1 (0%),2/4 (50%),18,22,18,7,6,4,3,2,11/23 (47%),3/14 (21%),7/17 (41%),4/11 (36%),5,5,2,1,0,0,3,0,3,1,22/33 (67%),14/20 (70%),8/11 (73%),5/6 (83%),17/22 (77%),7/14 (50%),4/11 (36%),5/6 (83%),4,4,3/3 (100%),1/3 (33%),21,12,8,12,4,4,3,1,7/14 (50%),5/22 (22%),1/6 (16%),7/11 (63%),4,4,2,0,0,0,,,,,,,,,,,,,,,,,,,,,,,,,,,,,,,,,,
15991873,ATP,"Munich, Germany, Qualifying",2026-04-12,Qualification Final,Red clay,Marc-Andrea Huesler,Marko Topo,2,0,20260413,4,2,2,5,23/37 (62%),18/38 (47%),12/14 (86%),15/20 (75%),16/23 (70%),8/18 (44%),9/14 (64%),2/20 (10%),6,7,2/3 (66%),0/7 (0%),53,22,25,10,28,12,10,3,12,1,5,0,7,1,10/18 (55%),7/23 (30%),18/20 (90%),5/14 (35%),7,6,7,1,0,0,4,1,1,0,13/18 (72%),10/17 (59%),4/5 (80%),7/7 (100%),10/13 (77%),4/10 (40%),4/5 (80%),1/7 (14%),3,3,1/1 (100%),0/3 (0%),14,5,12,4,6,3,6,0,6/10 (60%),3/13 (23%),6/7 (85%),1/5 (20%),3,3,3,0,0,0,0,1,1,5,9/19 (47%),8/21 (38%),9/10 (90%),8/13 (62%),5/9 (56%),4/8 (50%),6/10 (60%),1/13 (8%),3,4,2/3 (66%),0/4 (0%),11,5,16,8,6,3,5,1,4/8 (50%),4/9 (44%),12/13 (92%),4/10 (40%),4,3,4,1,0,0,,,,,,,,,,,,,,,,,,,,,,,,,,,,,,,,,,
15992436,ATP,"Munich, Germany, Qualifying",2026-04-12,Qualification Final,Red clay,Vitaliy Sachko,Max Hans Rehberg,2,0,20260413,2,1,0,2,53/69 (77%),60/78 (77%),16/16 (100%),16/18 (89%),33/53 (62%),26/60 (43%),4/16 (25%),10/18 (56%),10,10,7/9 (77%),4/9 (44%),79,68,37,36,42,32,7,6,13,8,6,4,4,2,34/60 (56%),20/53 (37%),8/18 (44%),12/16 (75%),10,10,5,2,1,0,1,1,0,2,20/26 (77%),23/34 (68%),6/6 (100%),9/11 (82%),15/20 (75%),10/23 (43%),3/6 (50%),7/11 (64%),4,4,2/2 (100%),2/4 (50%),18,17,17,8,6,6,3,1,13/23 (56%),5/20 (25%),4/11 (36%),3/6 (50%),4,4,2,0,0,0,1,0,0,0,32/43 (74%),36/44 (82%),11/11 (100%),8/8 (100%),17/32 (53%),16/36 (44%),2/11 (18%),3/8 (38%),6,6,5/9 (55%),4/8 (50%),19,19,25,24,7,5,3,2,20/36 (55%),15/32 (46%),5/8 (62%),9/11 (81%),6,6,4,4,1,0,,,,,,,,,,,,,,,,,,,,,,,,,,,,,,,,,,
15992690,ATP,"Munich, Germany, Qualifying",2026-04-12,Qualification Final,Red clay,Alex Molčan,Emilio Nava,2,0,20260413,4,3,1,1,43/64 (67%),32/52 (62%),20/21 (95%),19/20 (95%),27/43 (63%),27/32 (84%),7/21 (33%),11/20 (55%),10,9,3/5 (60%),2/2 (100%),48,68,34,38,14,30,5,9,7,13,6,8,3,7,5/32 (15%),16/43 (37%),9/20 (45%),14/21 (66%),9,10,0,2,0,1,2,1,0,1,15/24 (63%),13/20 (65%),9/9 (100%),6/7 (86%),7/15 (47%),11/13 (85%),2/9 (22%),3/7 (43%),4,3,3/6 (50%),1/1 (100%),9,14,6,15,3,9,1,6,2/13 (15%),8/15 (53%),4/7 (57%),7/9 (77%),3,4,0,3,0,0,2,2,1,0,27/40 (68%),18/32 (56%),12/13 (92%),14/14 (100%),19/27 (70%),15/18 (83%),6/13 (46%),9/14 (64%),6,6,1/2 (50%),1/2 (50%),25,24,8,15,5,5,3,3,3/18 (16%),8/27 (29%),5/14 (35%),7/13 (53%),6,6,1,1,0,1,,,,,,,,,,,,,,,,,,,,,,,,,,,,,,,,,,
15992583,ATP,"Munich, Germany, Qualifying",2026-04-12,Qualification Final,Red clay,Diego Dedura-Palomero,Sumit Nagal,2,1,20260413,2,1,0,3,89/107 (83%),69/106 (65%),18/18 (100%),34/37 (92%),57/89 (64%),42/69 (61%),10/18 (56%),18/37 (49%),15,15,7/8 (87%),7/11 (63%),113,100,67,60,46,40,5,6,18,13,13,10,5,3,27/69 (39%),32/89 (35%),19/37 (51%),8/18 (44%),15,15,4,1,0,1,0,0,0,0,38/45 (84%),28/45 (62%),7/7 (100%),17/17 (100%),22/38 (58%),14/28 (50%),3/7 (43%),10/17 (59%),6,6,2/4 (50%),2/4 (50%),25,24,21,20,5,3,2,2,14/28 (50%),16/38 (42%),7/17 (41%),4/7 (57%),6,6,2,2,0,1,0,1,0,3,27/31 (87%),28/40 (70%),4/4 (100%),9/12 (75%),18/27 (67%),18/28 (64%),2/4 (50%),4/12 (33%),4,5,6/6 (100%),7/9 (77%),20,22,18,11,5,6,4,1,10/28 (35%),9/27 (33%),8/12 (66%),2/4 (50%),5,4,2,0,0,0,2,0,0,0,24/31 (77%),13/21 (62%),7/7 (100%),8/8 (100%),17/24 (71%),10/13 (77%),5/7 (71%),4/8 (50%),5,4,22,14,7,9,4,4,3/13 (23%),7/24 (29%),4/8 (50%),2/7 (28%),4,5,1,0,0,0,2/2 (100%),0/1 (0%),3,1
15989226,ATP,"Munich, Germany, Doubles, Qualifying",2026-04-12,Qualification Round 1,Red clay,Galloway R / Peers J,Nouza P / Stevens B,2,0,20260413,3,7,3,4,47/79 (59%),45/75 (60%),29/32 (91%),26/30 (87%),36/47 (77%),35/45 (78%),14/32 (44%),20/30 (67%),12,12,5/5 (100%),2/3 (66%),70,84,50,55,20,29,4,7,12,14,11,11,3,3,10/45 (22%),11/47 (23%),10/30 (33%),18/32 (56%),12,12,1,0,0,2,2,4,1,2,25/38 (66%),23/36 (64%),12/13 (92%),11/13 (85%),17/25 (68%),18/23 (78%),6/13 (46%),8/13 (62%),6,6,5/6 (83%),0/1 (0%),23,26,10,15,4,7,3,3,5/23 (21%),8/25 (32%),5/13 (38%),7/13 (53%),6,6,1,1,0,1,1,3,2,2,22/41 (54%),22/39 (56%),17/19 (89%),15/17 (88%),19/22 (86%),17/22 (77%),8/19 (42%),12/17 (71%),6,6,4/4 (100%),3/3 (100%),27,29,10,14,4,5,1,2,5/22 (22%),3/22 (13%),5/17 (29%),11/19 (57%),6,6,0,0,0,1,,,,,,,,,,,,,,,,,,,,,,,,,,,,,,,,,,
15989225,ATP,"Munich, Germany, Doubles, Qualifying",2026-04-12,Qualification Round 1,Red clay,Schnaitter J / Wallner M,Engel J / Rehberg M H,2,0,20260413,1,0,2,0,35/50 (70%),32/49 (65%),13/15 (87%),17/17 (100%),27/35 (77%),16/32 (50%),5/15 (33%),8/17 (47%),9,8,1/3 (33%),3/6 (50%),57,42,32,24,25,18,8,5,12,5,7,3,7,1,16/32 (50%),8/35 (22%),9/17 (52%),10/15 (66%),8,9,3,2,0,0,0,0,2,0,19/28 (68%),22/30 (73%),7/9 (78%),8/8 (100%),13/19 (68%),11/22 (50%),3/9 (33%),5/8 (63%),5,5,0/2 (0%),1/4 (25%),16,16,14,12,4,5,2,1,11/22 (50%),6/19 (31%),3/8 (37%),6/9 (66%),5,5,3,2,0,0,1,0,0,0,16/22 (73%),10/19 (53%),6/6 (100%),9/9 (100%),14/16 (88%),5/10 (50%),2/6 (33%),3/9 (33%),4,3,1/1 (100%),4/6 (66%),16,8,11,6,8,3,5,1,5/10 (50%),2/16 (12%),6/9 (66%),4/6 (66%),3,4,2,0,0,0,,,,,,,,,,,,,,,,,,,,,,,,,,,,,,,,,,
15992691,ATP,"Munich, Germany, Doubles, Qualifying",2026-04-12,Qualification Final,Red clay,Schnaitter J / Wallner M,Galloway R / Peers J,2,1,20260413,5,4,1,3,50/61 (82%),42/60 (70%),10/11 (91%),15/18 (83%),33/50 (66%),29/42 (69%),5/11 (45%),7/18 (39%),9,9,4/4 (100%),2/3 (66%),62,59,38,36,24,23,5,7,10,8,8,7,4,2,13/42 (30%),17/50 (34%),11/18 (61%),6/11 (54%),9,9,1,0,1,0,2,2,1,0,20/25 (80%),20/28 (71%),4/5 (80%),8/8 (100%),14/20 (70%),15/20 (75%),3/5 (60%),5/8 (63%),5,5,3/4 (75%),3/3 (100%),17,20,8,8,5,7,1,2,5/20 (25%),6/20 (30%),3/8 (37%),2/5 (40%),5,5,0,1,0,0,3,2,0,2,21/26 (81%),14/22 (64%),5/5 (100%),6/8 (75%),14/21 (67%),10/14 (71%),2/5 (40%),2/8 (25%),4,4,2/2 (100%),1/3 (33%),16,12,10,10,5,3,4,1,4/14 (28%),7/21 (33%),6/8 (75%),3/5 (60%),4,4,2,0,0,0,0,0,0,1,9/10 (90%),8/10 (80%),1/1 (100%),1/2 (50%),5/9 (56%),4/8 (50%),0/1 (0%),0/2 (0%),0,0,5,4,6,5,4,3,4/8 (50%),4/9 (44%),2/2 (100%),1/1 (100%),0,0,0,0,0,0,,,1,0
15938138,WTA,"Linz, Austria",2026-04-12,Semifinals,Red clay indoor,Mirra Andreeva,Elena-Gabriela Ruse,2,0,20260413,3,3,2,6,40/60 (67%),42/76 (55%),18/20 (90%),28/34 (82%),23/40 (57%),16/42 (38%),11/20 (55%),14/34 (41%),9,8,1/3 (33%),7/12 (58%),70,51,34,30,36,21,10,6,12,5,7,3,5,4,26/42 (61%),17/40 (42%),20/34 (58%),9/20 (45%),8,9,5,2,0,0,2,1,1,1,22/32 (69%),21/33 (64%),9/10 (90%),11/12 (92%),13/22 (59%),8/21 (38%),5/10 (50%),7/12 (58%),5,5,1/3 (33%),1/4 (25%),18,15,18,14,10,6,4,4,13/21 (61%),9/22 (40%),5/12 (41%),5/10 (50%),5,5,3,2,0,0,1,2,1,5,18/23 (78%),21/33 (64%),4/5 (80%),7/12 (58%),13/18 (72%),11/21 (52%),3/5 (60%),4/12 (33%),4,3,0/0 (0%),6/8 (75%),16,15,18,7,5,3,5,1,10/21 (47%),5/18 (27%),8/12 (66%),2/5 (40%),3,4,2,0,0,0,,,,,,,,,,,,,,,,,,,,,,,,,,,,,,,,,,
15938148,WTA,"Linz, Austria",2026-04-12,Semifinals,Red clay indoor,Anastasia Potapova,Donna Vekić,2,0,20260413,6,2,2,4,44/70 (63%),31/50 (62%),24/26 (92%),15/19 (79%),28/44 (64%),18/31 (58%),14/26 (54%),7/19 (37%),9,9,6/7 (85%),4/8 (50%),65,46,42,25,23,21,11,6,12,6,8,5,5,2,13/31 (41%),16/44 (36%),12/19 (63%),12/26 (46%),9,9,4,1,0,0,3,1,2,3,25/39 (64%),17/26 (65%),12/14 (86%),6/9 (67%),17/25 (68%),12/17 (71%),7/14 (50%),2/9 (22%),5,5,3/4 (75%),3/5 (60%),24,14,12,15,6,6,4,2,5/17 (29%),8/25 (32%),7/9 (77%),7/14 (50%),5,5,2,1,0,0,3,1,0,1,19/24 (79%),14/22 (64%),5/5 (100%),7/8 (88%),13/19 (68%),8/14 (57%),5/5 (100%),3/8 (38%),4,4,3/3 (100%),1/3 (33%),18,11,11,6,8,5,4,1,6/14 (42%),6/19 (31%),5/8 (62%),0/5 (0%),4,4,2,0,0,0,,,,,,,,,,,,,,,,,,,,,,,,,,,,,,,,,,
15938151,WTA,"Linz, Austria",2026-04-12,Final,Red clay indoor,Mirra Andreeva,Anastasia Potapova,2,1,20260413,4,5,4,1,47/74 (64%),57/98 (58%),23/27 (85%),40/41 (98%),32/47 (68%),39/57 (68%),11/27 (41%),16/41 (39%),13,13,0/5 (0%),7/12 (58%),86,86,43,55,43,31,7,7,13,13,8,8,3,5,18/57 (31%),15/47 (31%),25/41 (60%),16/27 (59%),13,13,5,5,0,0,3,3,1,0,18/26 (69%),18/24 (75%),7/8 (88%),6/6 (100%),10/18 (56%),13/18 (72%),1/8 (13%),2/6 (33%),4,3,0/3 (0%),1/1 (100%),11,15,9,15,4,4,1,4,5/18 (27%),8/18 (44%),4/6 (66%),7/8 (87%),3,4,0,3,0,0,1,0,1,1,14/27 (52%),14/28 (50%),12/13 (92%),13/14 (93%),11/14 (79%),9/14 (64%),7/13 (54%),8/14 (57%),5,5,0/1 (0%),1/3 (33%),18,17,11,9,7,5,2,1,5/14 (35%),3/14 (21%),6/14 (42%),6/13 (46%),5,5,2,1,0,0,0,2,2,0,15/21 (71%),25/46 (54%),4/6 (67%),21/21 (100%),11/15 (73%),17/25 (68%),3/6 (50%),6/21 (29%),4,5,14,23,23,7,5,4,8/25 (32%),4/15 (26%),15/21 (71%),3/6 (50%),5,4,3,1,0,0,0/1 (0%),5/8 (62%),3,1
15921191,ATP,"Monte Carlo, Monaco, Doubles",2026-04-12,Semifinals,Red clay,Krawietz K / Puetz T,Nys H / Roger-Vasselin E,2,1,20260413,2,3,1,5,44/71 (62%),43/75 (57%),26/27 (96%),27/32 (84%),35/44 (80%),38/43 (88%),18/27 (67%),16/32 (50%),11,11,1/1 (100%),3/3 (100%),74,72,53,54,21,18,6,5,12,11,11,10,2,1,5/43 (11%),9/44 (20%),16/32 (50%),9/27 (33%),11,11,0,0,0,2,0,2,0,2,19/35 (54%),25/42 (60%),16/16 (100%),15/17 (88%),16/19 (84%),21/25 (84%),11/16 (69%),8/17 (47%),6,6,0/0 (0%),3/3 (100%),27,29,13,8,5,4,1,1,4/25 (16%),3/19 (15%),9/17 (52%),5/16 (31%),6,6,0,0,0,1,2,1,0,3,19/27 (70%),12/24 (50%),8/8 (100%),9/12 (75%),15/19 (79%),11/12 (92%),5/8 (63%),7/12 (58%),5,5,2/2 (100%),0/1 (0%),20,18,6,7,4,5,2,1,1/12 (8%),4/19 (21%),5/12 (41%),3/8 (37%),5,5,1,0,0,0,0,0,1,0,6/9 (67%),6/9 (67%),2/3 (67%),3/3 (100%),4/6 (67%),6/6 (100%),2/3 (67%),1/3 (33%),0,0,6,7,2,3,2,3,0/6 (0%),2/6 (33%),2/3 (66%),1/3 (33%),0,0,0,0,0,0,,,0,1
15921185,ATP,"Monte Carlo, Monaco, Doubles",2026-04-12,Final,Red clay,Krawietz K / Puetz T,Arevalo M / Pavic M,2,1,20260413,4,0,3,4,39/58 (67%),37/54 (69%),16/19 (84%),13/17 (76%),29/39 (74%),28/37 (76%),6/19 (32%),8/17 (47%),9,9,3/4 (75%),1/3 (33%),53,59,35,36,18,23,8,6,8,10,6,7,3,3,9/37 (24%),10/39 (25%),9/17 (52%),13/19 (68%),9,9,2,1,0,1,3,0,0,2,19/27 (70%),19/28 (68%),8/8 (100%),7/9 (78%),15/19 (79%),15/19 (79%),5/8 (63%),3/9 (33%),5,5,2/2 (100%),1/2 (50%),20,18,10,7,6,4,3,1,4/19 (21%),4/19 (21%),6/9 (66%),3/8 (37%),5,5,1,0,0,0,1,0,3,2,13/22 (59%),11/17 (65%),6/9 (67%),4/6 (67%),10/13 (77%),9/11 (82%),0/9 (0%),3/6 (50%),4,4,3/6 (50%),0/1 (0%),10,12,5,12,8,6,2,3,2/11 (18%),3/13 (23%),3/6 (50%),9/9 (100%),4,4,1,3,0,0,0,0,0,0,7/9 (78%),7/9 (78%),2/2 (100%),2/2 (100%),4/7 (57%),4/7 (57%),1/2 (50%),2/2 (100%),0,0,5,6,3,4,3,3,3/7 (42%),3/7 (42%),0/2 (0%),1/2 (50%),0,0,0,0,0,0,,,0,1
15938162,WTA,"Linz, Austria, Doubles",2026-04-12,Semifinals,Red clay indoor,Cirstea S / Zhang S,Eikeri U / Gleason Q,2,0,20260413,1,1,1,3,51/62 (82%),44/61 (72%),10/11 (91%),14/17 (82%),29/51 (57%),17/44 (39%),5/11 (45%),4/17 (24%),10,10,4/8 (50%),3/10 (30%),66,44,34,21,32,23,7,5,13,7,6,3,4,2,27/44 (61%),22/51 (43%),13/17 (76%),6/11 (54%),10,10,7,4,0,0,1,1,1,1,32/34 (94%),31/34 (91%),1/2 (50%),2/3 (67%),22/32 (69%),17/31 (55%),0/2 (0%),1/3 (33%),6,6,1/3 (33%),1/4 (25%),22,18,16,12,7,5,3,2,14/31 (45%),10/32 (31%),2/3 (66%),2/2 (100%),6,6,3,2,0,0,0,0,0,2,19/23 (83%),13/19 (68%),4/4 (100%),4/6 (67%),10/19 (53%),2/13 (15%),2/4 (50%),1/6 (17%),4,4,3/5 (60%),2/6 (33%),12,3,16,11,6,3,3,1,11/13 (84%),9/19 (47%),5/6 (83%),2/4 (50%),4,4,4,2,0,0,,,,,,,,,,,,,,,,,,,,,,,,,,,,,,,,,,
15938159,WTA,"Linz, Austria, Doubles",2026-04-12,Final,Red clay indoor,Cirstea S / Zhang S,Kolodziejova M / Maleckova J,2,0,20260413,4,2,0,4,34/51 (67%),27/47 (57%),17/17 (100%),16/20 (80%),23/34 (68%),11/27 (41%),8/17 (47%),6/20 (30%),9,8,4/7 (57%),6/12 (50%),61,37,31,17,30,20,8,4,12,5,6,2,4,2,16/27 (59%),11/34 (32%),14/20 (70%),9/17 (52%),8,9,6,3,0,0,3,2,0,3,20/28 (71%),15/27 (56%),8/8 (100%),9/12 (75%),15/20 (75%),7/15 (47%),4/8 (50%),6/12 (50%),5,4,1/2 (50%),6/8 (75%),19,13,14,9,6,3,4,2,8/15 (53%),5/20 (25%),6/12 (50%),4/8 (50%),4,5,2,1,0,0,1,0,0,1,14/23 (61%),12/20 (60%),9/9 (100%),7/8 (88%),8/14 (57%),4/12 (33%),4/9 (44%),0/8 (0%),4,4,3/5 (60%),0/4 (0%),12,4,16,11,7,4,3,1,8/12 (66%),6/14 (42%),8/8 (100%),5/9 (55%),4,4,4,2,0,0,,,,,,,,,,,,,,,,,,,,,,,,,,,,,,,,,,
15989295,ATP,"Barcelona, Spain, Qualifying",2026-04-12,Qualification Round 1,Red clay,Alexandre Muller,Max Alcala Gurri,2,0,20260413,0,2,1,0,38/58 (66%),23/41 (56%),19/20 (95%),18/18 (100%),17/38 (45%),22/23 (96%),12/20 (60%),11/18 (61%),8,8,3/7 (42%),1/1 (100%),37,62,29,33,8,29,4,8,4,12,4,8,1,5,1/23 (4%),21/38 (55%),7/18 (38%),8/20 (40%),8,8,0,4,0,0,0,0,1,0,19/34 (56%),12/22 (55%),14/15 (93%),10/10 (100%),9/19 (47%),12/12 (100%),8/15 (53%),5/10 (50%),4,4,4/6 (66%),1/1 (100%),17,17,5,17,4,8,1,4,0/12 (0%),10/19 (52%),5/10 (50%),7/15 (46%),4,4,0,2,0,0,0,2,0,0,18/24 (75%),11/19 (58%),6/6 (100%),8/8 (100%),8/18 (44%),10/11 (91%),4/6 (67%),6/8 (75%),4,4,1/3 (33%),0/0 (0%),12,16,3,12,4,7,1,5,1/11 (9%),10/18 (55%),2/8 (25%),2/6 (33%),4,4,0,2,0,0,,,,,,,,,,,,,,,,,,,,,,,,,,,,,,,,,,
15989302,ATP,"Barcelona, Spain, Qualifying",2026-04-12,Qualification Round 1,Red clay,Marco Trungelliti,Nicolai Budkov Kjaer,2,1,20260413,1,3,6,2,60/97 (62%),50/89 (56%),31/37 (84%),37/39 (95%),44/60 (73%),34/50 (68%),19/37 (51%),25/39 (64%),15,15,6/6 (100%),6/6 (100%),93,93,63,59,30,34,7,6,16,14,13,12,4,3,16/50 (32%),16/60 (26%),14/39 (35%),18/37 (48%),15,15,0,0,0,0,0,0,3,0,20/38 (53%),15/26 (58%),15/18 (83%),11/11 (100%),16/20 (80%),12/15 (80%),9/18 (50%),7/11 (64%),5,5,2/2 (100%),2/3 (66%),25,19,7,13,4,5,2,1,3/15 (20%),4/20 (20%),4/11 (36%),9/18 (50%),5,5,1,0,0,0,0,1,1,1,22/27 (81%),13/24 (54%),4/5 (80%),10/11 (91%),16/22 (73%),12/13 (92%),2/5 (40%),8/11 (73%),5,5,1/2 (50%),0/0 (0%),18,20,4,9,4,6,1,3,1/13 (7%),6/22 (27%),3/11 (27%),3/5 (60%),5,5,0,1,0,0,1,2,2,1,18/32 (56%),22/39 (56%),12/14 (86%),16/17 (94%),12/18 (67%),10/22 (45%),8/14 (57%),10/17 (59%),5,5,20,20,19,12,7,4,12/22 (54%),6/18 (33%),7/17 (41%),6/14 (42%),5,5,2,1,0,0,4/5 (80%),4/6 (66%),4,3
15989304,ATP,"Barcelona, Spain, Qualifying",2026-04-12,Qualification Round 1,Red clay,Jesper De Jong,Benjamin Bonzi,2,0,20260413,9,2,0,0,37/57 (65%),31/54 (57%),20/20 (100%),23/23 (100%),28/37 (76%),21/31 (68%),11/20 (55%),10/23 (43%),9,8,2/2 (100%),4/5 (80%),62,49,39,31,23,18,6,4,12,5,9,5,7,1,10/31 (32%),9/37 (24%),13/23 (56%),9/20 (45%),8,9,1,0,0,0,6,2,0,0,21/36 (58%),13/24 (54%),15/15 (100%),11/11 (100%),17/21 (81%),11/13 (85%),6/15 (40%),6/11 (55%),5,5,2/2 (100%),1/2 (50%),23,17,7,13,6,4,2,1,2/13 (15%),4/21 (19%),5/11 (45%),9/15 (60%),5,5,1,0,0,0,3,0,0,0,15/21 (71%),17/30 (57%),6/6 (100%),13/13 (100%),11/15 (73%),9/17 (53%),5/6 (83%),5/13 (38%),4,3,0/0 (0%),3/5 (60%),16,14,16,5,4,2,5,1,8/17 (47%),4/15 (26%),8/13 (61%),1/6 (16%),3,4,2,0,0,0,,,,,,,,,,,,,,,,,,,,,,,,,,,,,,,,,,
15989301,ATP,"Barcelona, Spain, Qualifying",2026-04-12,Qualification Round 1,Red clay,Juan Manuel Cerundolo,Giulio Zeppieri,2,0,20260413,7,1,1,1,26/44 (59%),40/61 (66%),17/18 (94%),20/21 (95%),24/26 (92%),24/40 (60%),12/18 (67%),9/21 (43%),9,10,0/0 (0%),2/5 (40%),64,41,36,33,28,8,6,5,13,6,9,6,4,1,16/40 (40%),2/26 (7%),12/21 (57%),6/18 (33%),10,9,3,0,0,0,4,0,0,1,10/14 (71%),15/23 (65%),4/4 (100%),7/8 (88%),10/10 (100%),8/15 (53%),2/4 (50%),1/8 (13%),3,4,0/0 (0%),1/4 (25%),12,9,14,2,6,2,4,1,7/15 (46%),0/10 (0%),7/8 (87%),2/4 (50%),4,3,3,0,0,0,3,1,1,0,15/30 (50%),23/38 (61%),14/15 (93%),15/15 (100%),13/15 (87%),15/23 (65%),11/15 (73%),9/15 (60%),6,6,0/0 (0%),1/2 (50%),24,24,14,6,5,5,2,1,8/23 (34%),2/15 (13%),6/15 (40%),4/15 (26%),6,6,1,0,0,0,,,,,,,,,,,,,,,,,,,,,,,,,,,,,,,,,,
15989293,ATP,"Barcelona, Spain, Qualifying",2026-04-12,Qualification Round 1,Red clay,Sebastian Ofner,Alejo Sanchez Quilez,2,0,20260413,6,1,1,1,28/53 (53%),41/61 (67%),24/25 (96%),19/20 (95%),21/28 (75%),25/41 (61%),16/25 (64%),10/20 (50%),10,10,1/2 (50%),1/5 (20%),63,51,37,35,26,16,9,5,12,8,8,6,6,3,16/41 (39%),7/28 (25%),10/20 (50%),9/25 (36%),10,10,4,1,0,0,3,1,0,0,18/30 (60%),19/29 (66%),12/12 (100%),10/10 (100%),13/18 (72%),14/19 (74%),9/12 (75%),5/10 (50%),5,5,0/0 (0%),0/1 (0%),22,19,10,8,7,4,3,1,5/19 (26%),5/18 (27%),5/10 (50%),3/12 (25%),5,5,1,0,0,0,3,0,1,1,10/23 (43%),21/32 (66%),12/13 (92%),10/11 (91%),8/10 (80%),11/21 (52%),7/13 (54%),5/11 (45%),5,5,1/3 (33%),2/5 (40%),15,16,16,8,7,5,3,3,10/21 (47%),2/10 (20%),6/11 (54%),6/13 (46%),5,5,3,2,0,0,,,,,,,,,,,,,,,,,,,,,,,,,,,,,,,,,,
15989294,ATP,"Barcelona, Spain, Qualifying",2026-04-12,Qualification Round 1,Red clay,Hamad Medjedović,Vilius Gaubas,2,0,20260413,9,4,2,0,55/79 (70%),58/86 (67%),22/24 (92%),28/28 (100%),37/55 (67%),39/58 (67%),14/24 (58%),16/28 (57%),11,11,2/4 (50%),7/9 (77%),82,82,51,55,31,27,5,6,13,10,9,8,4,2,19/58 (32%),18/55 (32%),12/28 (42%),10/24 (41%),11,11,2,2,1,0,7,2,1,0,37/49 (76%),28/44 (64%),11/12 (92%),16/16 (100%),28/37 (76%),24/28 (86%),8/12 (67%),10/16 (63%),6,6,2/2 (100%),0/0 (0%),36,34,10,13,4,5,2,1,4/28 (14%),9/37 (24%),6/16 (37%),4/12 (33%),6,6,0,0,1,0,2,2,1,0,17/29 (59%),27/42 (64%),11/12 (92%),15/15 (100%),9/17 (53%),13/27 (48%),6/12 (50%),8/15 (53%),5,5,1/3 (33%),9/12 (75%),15,21,21,14,5,6,4,2,14/27 (51%),8/17 (47%),7/15 (46%),6/12 (50%),5,5,3,2,0,0,,,,,,,,,,,,,,,,,,,,,,,,,,,,,,,,,,
15989299,ATP,"Barcelona, Spain, Qualifying",2026-04-12,Qualification Round 1,Red clay,Pedro Martinez,Pablo Carreño Busta,1,0,20260413,0,2,4,3,35/54 (65%),31/52 (60%),15/19 (79%),18/21 (86%),16/35 (46%),18/31 (58%),11/19 (58%),3/21 (14%),8,8,4/7 (57%),4/8 (50%),58,48,27,21,31,27,7,5,10,6,4,2,4,3,13/31 (41%),19/35 (54%),18/21 (85%),8/19 (42%),8,8,4,3,0,0,0,2,3,3,20/32 (63%),14/29 (48%),9/12 (75%),12/15 (80%),9/20 (45%),7/14 (50%),6/12 (50%),2/15 (13%),5,4,3/6 (50%),3/7 (42%),15,9,20,17,7,5,2,1,7/14 (50%),11/20 (55%),13/15 (86%),6/12 (50%),4,5,4,3,0,0,0,0,1,0,14/22 (64%),17/23 (74%),7/8 (88%),6/6 (100%),6/14 (43%),11/17 (65%),6/8 (75%),1/6 (17%),3,4,1/2 (50%),1/3 (33%),12,12,11,10,5,5,4,3,6/17 (35%),8/14 (57%),5/6 (83%),2/8 (25%),4,3,2,1,0,0,,,,,,,,,,,,,,,,,,,,,,,,,,,,,,,,,,
15989296,ATP,"Barcelona, Spain, Qualifying",2026-04-12,Qualification Round 1,Red clay,Patrick Kypson,Arthur Gea,2,0,20260413,6,9,4,4,41/64 (64%),33/57 (58%),19/23 (83%),20/24 (83%),25/41 (61%),30/33 (91%),9/23 (39%),10/24 (42%),8,9,5/6 (83%),2/2 (100%),51,69,34,40,17,29,3,9,5,12,5,9,1,7,3/33 (9%),16/41 (39%),14/24 (58%),14/23 (60%),9,8,0,1,0,0,2,6,3,1,13/26 (50%),15/24 (63%),10/13 (77%),8/9 (89%),7/13 (54%),14/15 (93%),5/13 (38%),4/9 (44%),3,4,4/6 (66%),1/1 (100%),12,18,6,14,3,9,1,5,1/15 (6%),6/13 (46%),5/9 (55%),8/13 (61%),4,3,0,2,0,0,4,3,1,3,23/37 (62%),18/33 (55%),13/14 (93%),12/15 (80%),16/23 (70%),16/18 (89%),6/14 (43%),6/15 (40%),5,5,1/2 (50%),1/1 (100%),22,22,11,15,3,5,1,2,2/18 (11%),7/23 (30%),9/15 (60%),8/14 (57%),5,5,0,1,0,0,,,,,,,,,,,,,,,,,,,,,,,,,,,,,,,,,,
15989303,ATP,"Barcelona, Spain, Qualifying",2026-04-12,Qualification Round 1,Red clay,Quentin Halys,Matteo Arnaldi,2,1,20260413,4,6,5,5,51/92 (55%),54/99 (55%),36/41 (88%),40/45 (89%),35/51 (69%),40/54 (74%),22/41 (54%),26/45 (58%),15,16,4/5 (80%),0/2 (0%),90,101,57,66,33,35,10,7,14,19,11,14,3,5,14/54 (25%),16/51 (31%),19/45 (42%),19/41 (46%),16,15,2,1,1,1,0,4,1,1,12/17 (71%),15/27 (56%),4/5 (80%),11/12 (92%),6/12 (50%),11/15 (73%),2/5 (40%),7/12 (58%),3,4,3/5 (60%),0/0 (0%),8,18,9,9,4,6,1,5,4/15 (26%),6/12 (50%),5/12 (41%),3/5 (60%),4,3,0,2,0,0,3,1,2,1,21/37 (57%),19/36 (53%),14/16 (88%),16/17 (94%),17/21 (81%),14/19 (74%),11/16 (69%),11/17 (65%),6,6,,,28,25,11,9,5,3,1,1,5/19 (26%),4/21 (19%),6/17 (35%),5/16 (31%),6,6,0,0,1,0,1,1,2,3,18/38 (47%),19/36 (53%),18/20 (90%),14/17 (82%),12/18 (67%),14/19 (74%),9/20 (45%),9/17 (53%),6,6,21,23,13,17,10,7,5/19 (26%),6/18 (33%),8/17 (47%),11/20 (55%),6,6,2,2,0,1,2/4 (50%),0/2 (0%),3,3
15991762,ATP,"Barcelona, Spain, Qualifying",2026-04-12,Qualification Final,Red clay,Ethan Quinn,Daniel Merida,2,0,20260413,2,0,1,2,36/51 (71%),29/46 (63%),14/15 (93%),15/17 (88%),28/36 (78%),18/29 (62%),7/15 (47%),6/17 (35%),8,8,0/0 (0%),2/5 (40%),57,40,35,24,22,16,9,4,12,4,8,4,6,1,11/29 (37%),8/36 (22%),11/17 (64%),8/15 (53%),8,8,3,0,0,0,1,0,1,1,25/36 (69%),11/22 (50%),10/11 (91%),10/11 (91%),18/25 (72%),9/11 (82%),5/11 (45%),5/11 (45%),5,4,0/0 (0%),2/3 (66%),23,14,8,13,5,4,3,1,2/11 (18%),7/25 (28%),6/11 (54%),6/11 (54%),4,5,1,0,0,0,1,0,0,1,9/15 (60%),17/24 (71%),6/6 (100%),6/7 (86%),9/9 (100%),9/17 (53%),3/6 (50%),1/7 (14%),3,4,0/0 (0%),1/4 (25%),12,10,14,3,9,3,6,1,8/17 (47%),0/9 (0%),6/7 (85%),3/6 (50%),4,3,3,0,0,0,,,,,,,,,,,,,,,,,,,,,,,,,,,,,,,,,,
15992374,ATP,"Barcelona, Spain, Qualifying",2026-04-12,Qualification Final,Red clay,Juan Manuel Cerundolo,Jesper De Jong,2,0,20260413,2,4,2,1,36/63 (57%),34/55 (62%),25/27 (93%),20/21 (95%),26/36 (72%),22/34 (65%),20/27 (74%),14/21 (67%),10,10,3/3 (100%),1/2 (50%),65,53,46,36,19,17,8,6,12,8,10,8,3,1,12/34 (35%),10/36 (27%),7/21 (33%),7/27 (25%),10,10,1,0,0,0,1,2,1,1,16/32 (50%),16/28 (57%),15/16 (94%),11/12 (92%),9/16 (56%),11/16 (69%),14/16 (88%),7/12 (58%),5,5,1/1 (100%),0/1 (0%),23,18,10,9,8,6,3,1,5/16 (31%),7/16 (43%),5/12 (41%),2/16 (12%),5,5,1,0,0,0,1,2,1,0,18/31 (58%),15/27 (56%),12/13 (92%),12/12 (100%),15/18 (83%),10/15 (67%),8/13 (62%),8/12 (67%),5,5,2/2 (100%),0/1 (0%),23,18,9,8,4,4,3,1,5/15 (33%),3/18 (16%),4/12 (33%),5/13 (38%),5,5,1,0,0,0,,,,,,,,,,,,,,,,,,,,,,,,,,,,,,,,,,
15992015,ATP,"Barcelona, Spain, Qualifying",2026-04-12,Qualification Final,Red clay,Otto Virtanen,Alexandre Muller,2,0,20260413,5,0,2,0,33/59 (56%),43/61 (70%),24/26 (92%),18/18 (100%),27/33 (82%),27/43 (63%),16/26 (62%),11/18 (61%),10,10,2/2 (100%),3/4 (75%),66,54,43,38,23,16,5,4,12,8,10,8,3,1,16/43 (37%),6/33 (18%),7/18 (38%),10/26 (38%),10,10,1,0,0,0,3,0,1,0,15/28 (54%),20/28 (71%),12/13 (92%),8/8 (100%),12/15 (80%),13/20 (65%),9/13 (69%),5/8 (63%),5,5,1/1 (100%),0/1 (0%),21,18,10,7,5,4,3,1,7/20 (35%),3/15 (20%),3/8 (37%),4/13 (30%),5,5,1,0,0,0,2,0,1,0,18/31 (58%),22/33 (67%),12/13 (92%),11/11 (100%),15/18 (83%),14/22 (64%),7/13 (54%),6/11 (55%),5,5,1/1 (100%),3/4 (75%),22,20,13,9,5,4,2,1,8/22 (36%),3/18 (16%),5/11 (45%),6/13 (46%),5,5,1,0,0,0,,,,,,,,,,,,,,,,,,,,,,,,,,,,,,,,,,
15992553,ATP,"Barcelona, Spain, Qualifying",2026-04-12,Qualification Final,Red clay,Pedro Martinez,Marco Trungelliti,2,1,20260413,10,3,3,5,70/100 (70%),89/126 (71%),27/30 (90%),32/37 (86%),46/70 (66%),54/89 (61%),14/30 (47%),19/37 (51%),15,16,4/6 (66%),8/11 (72%),113,113,60,73,53,40,6,5,14,18,11,13,5,5,35/89 (39%),24/70 (34%),18/37 (48%),16/30 (53%),16,15,3,2,0,1,4,0,2,3,28/38 (74%),35/47 (74%),8/10 (80%),9/12 (75%),20/28 (71%),19/35 (54%),4/10 (40%),6/12 (50%),6,6,0/1 (0%),3/5 (60%),24,25,22,14,5,4,4,3,16/35 (45%),8/28 (28%),6/12 (50%),6/10 (60%),6,6,2,1,0,0,5,3,1,2,23/38 (61%),26/41 (63%),14/15 (93%),13/15 (87%),17/23 (74%),17/26 (65%),8/15 (53%),8/15 (53%),6,6,4/5 (80%),0/1 (0%),25,25,16,13,6,4,3,3,9/26 (34%),6/23 (26%),7/15 (46%),7/15 (46%),6,6,1,1,0,1,1,0,0,0,16/24 (67%),27/38 (71%),8/8 (100%),11/11 (100%),9/16 (56%),17/27 (63%),2/8 (25%),6/11 (55%),3,4,11,23,15,13,3,5,10/27 (37%),7/16 (43%),5/11 (45%),6/8 (75%),4,3,0,2,0,0,1/3 (33%),7/7 (100%),1,5
15992701,ATP,"Barcelona, Spain, Qualifying",2026-04-12,Qualification Final,Red clay,Sebastian Ofner,Patrick Kypson,2,0,20260413,7,2,0,1,45/70 (64%),41/57 (72%),25/25 (100%),15/16 (94%),30/45 (67%),25/41 (61%),15/25 (60%),9/16 (56%),10,10,4/5 (80%),0/3 (0%),68,59,45,34,23,25,8,5,12,8,9,7,3,2,16/41 (39%),15/45 (33%),7/16 (43%),10/25 (40%),10,10,3,1,0,0,4,2,0,1,27/39 (69%),21/31 (68%),12/12 (100%),9/10 (90%),15/27 (56%),10/21 (48%),8/12 (67%),6/10 (60%),5,5,2/3 (66%),0/2 (0%),23,16,15,16,8,5,3,2,11/21 (52%),12/27 (44%),4/10 (40%),4/12 (33%),5,5,2,1,0,0,3,0,0,0,16/31 (52%),19/26 (73%),15/15 (100%),7/7 (100%),13/16 (81%),14/19 (74%),9/15 (60%),4/7 (57%),5,5,2/2 (100%),0/1 (0%),22,18,8,9,6,4,2,1,5/19 (26%),3/16 (18%),3/7 (42%),6/15 (40%),5,5,1,0,0,0,,,,,,,,,,,,,,,,,,,,,,,,,,,,,,,,,,
15993015,ATP,"Barcelona, Spain, Qualifying",2026-04-12,Qualification Final,Red clay,Hamad Medjedović,Quentin Halys,2,1,20260413,9,12,2,0,62/82 (76%),58/96 (60%),18/20 (90%),38/38 (100%),47/62 (76%),43/58 (74%),15/20 (75%),23/38 (61%),14,15,1/2 (50%),4/6 (66%),92,86,62,66,30,20,8,6,16,14,13,13,5,3,15/58 (25%),15/62 (24%),15/38 (39%),5/20 (25%),15,14,2,1,1,0,3,4,0,0,15/18 (83%),16/23 (70%),3/3 (100%),7/7 (100%),14/15 (93%),9/16 (56%),2/3 (67%),3/7 (43%),4,4,0/0 (0%),1/3 (33%),16,12,11,2,8,4,5,1,7/16 (43%),1/15 (6%),4/7 (57%),1/3 (33%),4,4,2,0,0,0,0,4,1,0,16/22 (73%),20/29 (69%),5/6 (83%),9/9 (100%),10/16 (63%),17/20 (85%),4/6 (67%),5/9 (56%),4,5,0/1 (0%),1/1 (100%),14,22,7,8,4,6,1,3,3/20 (15%),6/16 (37%),4/9 (44%),2/6 (33%),5,4,0,1,0,0,6,4,1,0,31/42 (74%),20/44 (45%),10/11 (91%),24/24 (100%),23/31 (74%),16/20 (80%),9/11 (82%),16/24 (67%),6,6,32,32,12,10,7,5,4/20 (20%),8/31 (25%),8/24 (33%),2/11 (18%),6,6,0,0,1,0,2/2 (100%),4/4 (100%),1,1
15989807,WTA,"Stuttgart, Germany, Qualifying",2026-04-12,Qualification Round 1,Red clay indoor,Alycia Parks,Eva Bennemann,2,0,20260413,4,0,4,5,39/67 (58%),51/77 (66%),24/28 (86%),21/26 (81%),26/39 (67%),29/51 (57%),13/28 (46%),9/26 (35%),10,11,7/11 (63%),3/9 (33%),78,66,39,38,39,28,8,6,13,9,6,5,3,2,22/51 (43%),13/39 (33%),17/26 (65%),15/28 (53%),11,10,6,4,1,0,2,0,3,2,24/43 (56%),32/41 (78%),16/19 (84%),7/9 (78%),16/24 (67%),20/32 (63%),11/19 (58%),3/9 (33%),6,6,3/5 (60%),1/3 (33%),27,23,18,16,8,6,3,2,12/32 (37%),8/24 (33%),6/9 (66%),8/19 (42%),6,6,2,2,1,0,2,0,1,3,15/24 (63%),19/36 (53%),8/9 (89%),14/17 (82%),10/15 (67%),9/19 (47%),2/9 (22%),6/17 (35%),4,5,4/6 (66%),2/6 (33%),12,15,21,12,5,5,3,1,10/19 (52%),5/15 (33%),11/17 (64%),7/9 (77%),5,4,4,2,0,0,,,,,,,,,,,,,,,,,,,,,,,,,,,,,,,,,,
15989806,WTA,"Stuttgart, Germany, Qualifying",2026-04-12,Qualification Round 1,Red clay indoor,Vera Zvonareva,Victoria Jimenez Kasintseva,2,0,20260413,4,2,7,4,62/98 (63%),48/68 (71%),29/36 (81%),16/20 (80%),26/62 (42%),26/48 (54%),13/36 (36%),8/20 (40%),9,9,13/19 (68%),5/8 (62%),63,81,39,34,24,47,5,5,6,12,3,6,2,4,22/48 (45%),36/62 (58%),12/20 (60%),23/36 (63%),9,9,3,6,0,0,3,1,4,2,38/56 (68%),18/25 (72%),18/22 (82%),6/8 (75%),19/38 (50%),14/18 (78%),8/18 (44%),1/7 (14%),5,4,10/13 (76%),0/1 (0%),27,15,10,29,4,5,2,3,4/18 (22%),19/38 (50%),6/7 (85%),10/18 (55%),4,5,1,3,0,0,1,1,3,1,24/30 (80%),30/33 (91%),6/9 (67%),3/4 (75%),11/24 (46%),17/30 (57%),1/6 (17%),2/3 (67%),4,5,3/6 (50%),5/7 (71%),12,19,14,18,5,5,2,4,13/30 (43%),13/24 (54%),1/3 (33%),5/6 (83%),5,4,2,3,0,0,,,,,,,,,,,,,,,,,,,,,,,,,,,,,,,,,,
15989808,WTA,"Stuttgart, Germany, Qualifying",2026-04-12,Qualification Round 1,Red clay indoor,Anna-Lena Friedsam,Jule Niemeier,2,0,20260413,3,1,6,4,34/61 (56%),36/57 (63%),21/27 (78%),17/21 (81%),18/34 (53%),28/36 (78%),11/27 (41%),8/21 (38%),9,10,4/9 (44%),2/4 (50%),50,68,29,36,21,32,5,6,6,13,4,8,3,6,8/36 (22%),16/34 (47%),13/21 (61%),16/27 (59%),10,9,2,5,0,0,2,1,4,1,19/38 (50%),22/37 (59%),15/19 (79%),14/15 (93%),12/19 (63%),18/22 (82%),9/19 (47%),5/15 (33%),6,6,3/5 (60%),2/3 (66%),21,23,14,17,5,5,3,4,4/22 (18%),7/19 (36%),10/15 (66%),10/19 (52%),6,6,1,2,0,0,1,0,2,3,15/23 (65%),14/20 (70%),6/8 (75%),3/6 (50%),6/15 (40%),10/14 (71%),2/8 (25%),3/6 (50%),3,4,1/4 (25%),0/1 (0%),8,13,7,15,4,6,1,6,4/14 (28%),9/15 (60%),3/6 (50%),6/8 (75%),4,3,1,3,0,0,,,,,,,,,,,,,,,,,,,,,,,,,,,,,,,,,,
15989805,WTA,"Stuttgart, Germany, Qualifying",2026-04-12,Qualification Round 1,Red clay indoor,Viktoriya Tomova,Amandine Hesse,2,0,20260413,2,3,3,1,32/58 (55%),48/65 (74%),23/26 (88%),16/17 (94%),14/32 (44%),33/48 (69%),13/26 (50%),10/17 (59%),8,9,2/5 (40%),6/6 (100%),43,65,27,43,16,22,4,7,6,12,5,9,1,5,15/48 (31%),18/32 (56%),7/17 (41%),13/26 (50%),9,8,0,3,0,0,0,1,1,1,7/15 (47%),18/26 (69%),8/9 (89%),6/7 (86%),2/7 (29%),14/18 (78%),4/8 (50%),5/8 (63%),3,4,0/2 (0%),4/4 (100%),6,19,7,9,4,6,1,5,4/18 (22%),5/7 (71%),3/8 (37%),4/8 (50%),4,3,0,2,0,0,0,0,0,0,25/34 (74%),30/33 (91%),9/9 (100%),3/3 (100%),15/25 (60%),22/30 (73%),6/9 (67%),2/3 (67%),5,5,2/3 (66%),2/2 (100%),21,24,9,13,4,7,1,3,8/30 (26%),10/25 (40%),1/3 (33%),3/9 (33%),5,5,0,1,0,0,,,,,,,,,,,,,,,,,,,,,,,,,,,,,,,,,,
15989810,WTA,"Stuttgart, Germany, Qualifying",2026-04-12,Qualification Round 1,Red clay indoor,Zeynep Sönmez,Victoria Pohle,2,0,20260413,0,1,2,4,37/65 (57%),34/64 (53%),26/28 (93%),26/30 (87%),24/37 (65%),23/34 (68%),18/28 (64%),13/30 (43%),10,9,2/3 (66%),3/6 (50%),70,59,42,36,28,23,4,4,12,7,9,6,3,1,11/34 (32%),13/37 (35%),17/30 (56%),10/28 (35%),9,10,3,1,0,0,0,0,1,3,20/36 (56%),10/28 (36%),15/16 (94%),15/18 (83%),13/20 (65%),6/10 (60%),8/16 (50%),8/18 (44%),5,4,1/2 (50%),1/3 (33%),21,14,14,15,3,4,2,1,4/10 (40%),7/20 (35%),10/18 (55%),8/16 (50%),4,5,2,1,0,0,0,1,1,1,17/29 (59%),24/36 (67%),11/12 (92%),11/12 (92%),11/17 (65%),17/24 (71%),10/12 (83%),5/12 (42%),5,5,1/1 (100%),2/3 (66%),21,22,14,8,4,4,3,1,7/24 (29%),6/17 (35%),7/12 (58%),2/12 (16%),5,5,1,0,0,0,,,,,,,,,,,,,,,,,,,,,,,,,,,,,,,,,,
15989809,WTA,"Stuttgart, Germany, Qualifying",2026-04-12,Qualification Round 1,Red clay indoor,Gabriela Knutson,Carole Monnet,2,1,20260413,4,2,0,3,69/100 (69%),82/107 (77%),31/31 (100%),22/25 (88%),42/69 (61%),45/82 (55%),20/31 (65%),13/25 (52%),14,14,3/6 (50%),5/9 (55%),103,88,62,58,41,30,6,5,16,13,11,10,5,3,37/82 (45%),27/69 (39%),12/25 (48%),11/31 (35%),14,14,4,3,1,0,3,0,0,2,12/20 (60%),9/18 (50%),8/8 (100%),7/9 (78%),10/12 (83%),4/9 (44%),6/8 (75%),5/9 (56%),4,3,0/0 (0%),0/2 (0%),16,9,9,4,6,4,5,1,5/9 (55%),2/12 (16%),4/9 (44%),2/8 (25%),3,4,2,0,0,0,0,2,0,0,29/38 (76%),27/31 (87%),9/9 (100%),4/4 (100%),14/29 (48%),17/27 (63%),5/9 (56%),2/4 (50%),4,5,3/5 (60%),2/3 (66%),19,19,12,19,4,5,2,3,10/27 (37%),15/29 (51%),2/4 (50%),4/9 (44%),5,4,1,2,0,0,1,0,0,1,28/34 (82%),46/50 (92%),6/6 (100%),3/4 (75%),22/28 (79%),28/46 (61%),5/6 (83%),2/4 (50%),6,6,27,30,20,7,5,4,18/46 (39%),6/28 (21%),2/4 (50%),1/6 (16%),6,6,1,1,1,0,0/1 (0%),3/4 (75%),2,2
15991914,WTA,"Stuttgart, Germany, Qualifying",2026-04-12,Qualification Final,Red clay indoor,Aliaksandra Sasnovich,Oceane Dodin,2,0,20260413,11,0,1,4,37/39 (95%),38/46 (83%),1/2 (50%),4/8 (50%),30/37 (81%),14/38 (37%),0/2 (0%),2/8 (25%),7,7,1/1 (100%),4/9 (44%),57,25,30,16,27,9,8,5,12,2,7,2,7,1,24/38 (63%),7/37 (18%),6/8 (75%),2/2 (100%),7,7,5,0,0,0,4,0,1,2,20/21 (95%),16/19 (84%),0/1 (0%),3/5 (60%),14/20 (70%),4/16 (25%),0/1 (0%),2/3 (67%),3,4,1/1 (100%),1/4 (25%),14,6,13,7,5,5,4,1,12/16 (75%),6/20 (30%),1/3 (33%),1/1 (100%),4,3,3,0,0,0,7,0,0,2,17/18 (94%),22/24 (92%),1/1 (100%),1/3 (33%),16/17 (94%),10/22 (45%),0/1 (0%),0/2 (0%),4,3,0/0 (0%),3/5 (60%),16,10,14,2,8,2,3,1,12/22 (54%),1/17 (5%),2/2 (100%),1/1 (100%),3,4,2,0,0,0,,,,,,,,,,,,,,,,,,,,,,,,,,,,,,,,,,
15992541,WTA,"Stuttgart, Germany, Qualifying",2026-04-12,Qualification Final,Red clay indoor,Alycia Parks,Viktoriya Tomova,2,0,20260413,11,0,4,2,50/57 (88%),50/55 (91%),3/7 (43%),3/5 (60%),36/50 (72%),26/50 (52%),2/7 (29%),1/5 (20%),9,9,3/4 (75%),2/6 (33%),64,42,38,27,26,15,13,4,12,6,8,5,6,2,24/50 (48%),14/50 (28%),4/5 (80%),5/7 (71%),9,9,4,1,0,0,5,0,1,0,26/29 (90%),22/24 (92%),3/4 (75%),2/2 (100%),20/26 (77%),15/22 (68%),2/3 (67%),1/2 (50%),5,5,1/1 (100%),0/1 (0%),22,16,8,7,8,4,2,1,7/22 (31%),6/26 (23%),1/2 (50%),1/3 (33%),5,5,1,0,0,0,6,0,3,2,24/24 (100%),28/29 (97%),0/3 (0%),1/3 (33%),16/24 (67%),11/28 (39%),0/0 (0%),0/1 (0%),4,4,2/3 (66%),2/5 (40%),16,11,18,8,13,3,6,2,17/28 (60%),8/24 (33%),1/1 (100%),0/0 (0%),4,4,3,1,0,0,,,,,,,,,,,,,,,,,,,,,,,,,,,,,,,,,,
15993042,WTA,"Stuttgart, Germany, Qualifying",2026-04-12,Qualification Final,Red clay indoor,Gabriela Knutson,Vera Zvonareva,2,0,20260413,1,6,4,3,40/71 (56%),39/58 (67%),27/31 (87%),16/19 (84%),20/40 (50%),26/39 (67%),14/31 (45%),11/19 (58%),9,9,7/12 (58%),2/4 (50%),55,74,34,37,21,37,4,6,6,12,4,7,3,4,13/39 (33%),20/40 (50%),8/19 (42%),17/31 (54%),9,9,2,5,0,0,1,2,4,2,41/48 (85%),29/29 (100%),7/11 (64%),0/2 (0%),19/41 (46%),18/29 (62%),4/7 (57%),0/0 (0%),5,4,7/10 (70%),2/3 (66%),23,18,11,25,4,5,3,4,11/29 (37%),22/41 (53%),0/0 (0%),3/7 (42%),4,5,1,3,0,0,0,4,0,1,20/23 (87%),26/29 (90%),3/3 (100%),3/4 (75%),10/20 (50%),16/26 (62%),1/3 (33%),3/3 (100%),4,5,0/2 (0%),0/1 (0%),11,19,10,12,3,6,2,3,10/26 (38%),10/20 (50%),0/3 (0%),2/3 (66%),5,4,1,2,0,0,,,,,,,,,,,,,,,,,,,,,,,,,,,,,,,,,,
15992723,WTA,"Stuttgart, Germany, Qualifying",2026-04-12,Qualification Final,Red clay indoor,Zeynep Sönmez,Anna-Lena Friedsam,2,0,20260413,0,3,0,2,47/47 (100%),60/62 (97%),0/0 (0%),0/2 (0%),30/47 (64%),26/60 (43%),0/0 (0%),0/2 (0%),8,8,0/2 (0%),5/11 (45%),64,43,30,26,34,17,7,5,12,4,6,2,8,2,34/60 (56%),17/47 (36%),2/2 (100%),0/0 (0%),8,8,6,2,0,0,0,0,0,2,31/31 (100%),40/40 (100%),0/0 (0%),0/2 (0%),18/31 (58%),19/40 (48%),0/0 (0%),0/0 (0%),5,5,0/2 (0%),3/6 (50%),18,19,21,13,7,5,3,2,21/40 (52%),13/31 (41%),,,5,5,3,2,0,0,0,3,0,0,16/16 (100%),20/20 (100%),0/0 (0%),0/0 (0%),12/16 (75%),7/20 (35%),0/0 (0%),0/0 (0%),3,3,0/0 (0%),2/5 (40%),12,7,13,4,7,2,6,0,13/20 (65%),4/16 (25%),,,3,3,3,0,0,0,,,,,,,,,,,,,,,,,,,,,,,,,,,,,,,,,,
15989815,WTA,"Rouen, France, Qualifying",2026-04-12,Qualification Round 1,Red clay indoor,Alina Charaeva,Mina Hodzic,2,0,20260413,0,0,5,6,29/43 (67%),21/34 (62%),9/14 (64%),7/13 (54%),41/29 (100%),34/21 (100%),9/14 (64%),14/13 (100%),10,10,5/7 (71%),4/8 (50%),69,58,37,35,32,23,8,8,12,8,8,6,5,3,-13/21 (-61%),-12/29 (-41%),-1/13 (-7%),5/14 (35%),10,10,4,2,0,0,0,0,2,3,27/34 (79%),30/37 (81%),7/9 (78%),5/8 (63%),16/27 (59%),18/30 (60%),4/7 (57%),2/7 (29%),5,5,4/5 (80%),2/4 (50%),20,20,17,14,6,5,3,2,12/30 (40%),11/27 (40%),5/7 (71%),3/7 (42%),5,5,2,1,0,0,0,0,3,3,22/26 (85%),26/30 (87%),2/5 (40%),2/5 (40%),15/22 (68%),14/26 (54%),2/4 (50%),1/4 (25%),5,5,1/2 (50%),2/4 (50%),17,15,15,9,8,8,5,3,12/26 (46%),7/22 (31%),3/4 (75%),2/4 (50%),5,5,2,1,0,0,,,,,,,,,,,,,,,,,,,,,,,,,,,,,,,,,,
15989819,WTA,"Rouen, France, Qualifying",2026-04-12,Qualification Round 1,Red clay indoor,Xinyu Wang,Manon Leonard,2,1,20260413,1,4,3,5,37/64 (58%),38/60 (63%),24/27 (89%),17/22 (77%),19/37 (51%),26/38 (68%),17/27 (63%),7/22 (32%),11,10,3/7 (42%),8/13 (61%),72,62,38,33,34,29,9,6,12,9,7,5,7,6,12/38 (31%),18/37 (48%),15/22 (68%),10/27 (37%),10,11,5,4,0,0,0,0,1,2,14/24 (58%),15/20 (75%),9/10 (90%),4/6 (67%),5/14 (36%),11/15 (73%),3/10 (30%),2/5 (40%),3,3,2/5 (40%),2/2 (100%),8,13,7,16,3,6,0,6,4/15 (26%),9/14 (64%),3/5 (60%),7/10 (70%),3,3,0,3,0,0,0,2,2,1,21/30 (70%),17/24 (71%),9/11 (82%),6/7 (86%),12/21 (57%),9/17 (53%),6/9 (67%),3/7 (43%),5,4,1/2 (50%),2/4 (50%),18,12,12,12,9,5,4,2,8/17 (47%),9/21 (42%),4/7 (57%),3/9 (33%),4,5,2,1,0,0,1,1,0,2,7/13 (54%),14/23 (61%),6/6 (100%),7/9 (78%),6/7 (86%),6/14 (43%),6/6 (100%),2/9 (22%),3,3,12,8,15,1,8,3,8/14 (57%),1/7 (14%),7/9 (77%),0/6 (0%),3,3,3,0,0,0,0/0 (0%),4/7 (57%),6,0
15989822,WTA,"Rouen, France, Qualifying",2026-04-12,Qualification Round 1,Red clay indoor,Iryna Shymanovich,Diana Martynov,2,0,20260413,1,2,4,0,32/49 (65%),41/58 (71%),13/17 (76%),17/17 (100%),25/32 (78%),22/41 (54%),6/17 (35%),8/17 (47%),8,9,0/1 (0%),5/10 (50%),59,39,31,30,28,9,5,6,12,5,7,4,6,1,19/41 (46%),7/32 (21%),9/17 (52%),11/17 (64%),9,8,5,1,0,0,1,2,3,0,21/31 (68%),29/31 (94%),7/10 (70%),2/2 (100%),15/21 (71%),18/29 (62%),6/10 (60%),2/2 (100%),5,5,0/0 (0%),1/2 (50%),21,20,11,10,5,6,3,1,11/29 (37%),6/21 (28%),0/2 (0%),4/10 (40%),5,5,1,0,0,0,0,0,1,1,16/18 (89%),26/28 (93%),1/2 (50%),1/2 (50%),10/16 (63%),10/26 (38%),0/2 (0%),0/2 (0%),3,4,0/1 (0%),4/8 (50%),10,10,18,8,4,3,5,1,16/26 (61%),6/16 (37%),2/2 (100%),2/2 (100%),4,3,4,1,0,0,,,,,,,,,,,,,,,,,,,,,,,,,,,,,,,,,,
15989823,WTA,"Rouen, France, Qualifying",2026-04-12,Qualification Round 1,Red clay indoor,Harmony Tan,Alice Robbe,2,0,20260413,1,0,6,0,29/47 (62%),25/44 (57%),12/18 (67%),19/19 (100%),18/29 (62%),19/25 (76%),4/18 (22%),12/19 (63%),7,8,1/5 (20%),2/2 (100%),35,56,22,31,13,25,3,10,3,12,3,8,1,9,6/25 (24%),11/29 (37%),7/19 (36%),14/18 (77%),8,7,0,4,0,0,0,0,2,0,23/29 (79%),23/31 (74%),4/6 (67%),8/8 (100%),15/23 (65%),16/23 (70%),2/6 (33%),6/8 (75%),4,5,1/2 (50%),2/2 (100%),17,22,9,12,3,5,1,3,7/23 (30%),8/23 (34%),2/8 (25%),4/6 (66%),5,4,0,1,0,0,1,0,4,0,10/18 (56%),14/16 (88%),4/8 (50%),2/2 (100%),4/10 (40%),10/14 (71%),1/8 (13%),2/2 (100%),3,3,0/3 (0%),0/0 (0%),5,12,4,13,3,10,0,6,4/14 (28%),6/10 (60%),0/2 (0%),7/8 (87%),3,3,0,3,0,0,,,,,,,,,,,,,,,,,,,,,,,,,,,,,,,,,,
15989818,WTA,"Rouen, France, Qualifying",2026-04-12,Qualification Round 1,Red clay indoor,Ekaterina Kazionova,Selena Janicijevic,2,0,20260413,1,0,1,4,34/50 (68%),31/53 (58%),15/16 (94%),18/22 (82%),22/34 (65%),15/31 (48%),8/16 (50%),5/22 (23%),8,8,1/3 (33%),8/14 (57%),63,40,30,20,33,20,8,3,12,4,6,2,5,3,16/31 (51%),12/34 (35%),17/22 (77%),8/16 (50%),8,8,6,2,0,0,0,0,1,3,18/19 (95%),25/27 (93%),0/1 (0%),0/3 (0%),11/18 (61%),9/25 (36%),0/1 (0%),0/2 (0%),3,4,1/2 (50%),4/8 (50%),11,9,18,8,6,3,5,1,16/25 (64%),7/18 (38%),2/2 (100%),1/1 (100%),4,3,4,1,0,0,1,0,0,1,24/31 (77%),20/26 (77%),7/7 (100%),6/7 (86%),16/24 (67%),9/20 (45%),3/7 (43%),2/6 (33%),5,4,0/1 (0%),4/6 (66%),19,11,15,12,8,3,3,3,11/20 (55%),8/24 (33%),4/6 (66%),4/7 (57%),4,5,2,1,0,0,,,,,,,,,,,,,,,,,,,,,,,,,,,,,,,,,,
15989821,WTA,"Rouen, France, Qualifying",2026-04-12,Qualification Round 1,Red clay indoor,Elvina Kalieva,Astrid Lew Yan Foon,2,1,20260413,1,6,4,5,40/82 (49%),62/106 (58%),38/42 (90%),39/44 (89%),28/40 (70%),38/62 (61%),26/42 (62%),18/44 (41%),13,13,9/11 (81%),11/17 (64%),104,84,54,56,50,28,8,5,17,9,11,7,7,4,24/62 (38%),12/40 (30%),26/44 (59%),16/42 (38%),13,13,6,2,0,0,0,0,1,3,23/34 (68%),46/54 (85%),10/11 (91%),7/10 (70%),15/23 (65%),27/46 (59%),6/11 (55%),5/8 (63%),6,6,3/5 (60%),6/7 (85%),21,32,22,13,8,5,3,4,19/46 (41%),8/23 (34%),3/8 (37%),5/11 (45%),6,6,1,2,0,0,1,3,3,2,27/35 (77%),26/30 (87%),7/10 (70%),3/5 (60%),16/27 (59%),14/26 (54%),6/8 (75%),2/4 (50%),4,4,6/6 (100%),2/4 (50%),22,16,14,13,3,5,4,1,12/26 (46%),11/27 (40%),2/4 (50%),2/8 (25%),4,4,2,0,0,0,0,3,1,0,9/15 (60%),11/22 (50%),5/6 (83%),11/11 (100%),7/9 (78%),5/11 (45%),5/6 (83%),3/11 (27%),3,3,12,8,14,3,7,3,6/11 (54%),2/9 (22%),8/11 (72%),1/6 (16%),3,3,3,0,0,0,0/0 (0%),3/6 (50%),6,0
15989816,WTA,"Rouen, France, Qualifying",2026-04-12,Qualification Round 1,Red clay indoor,Veronika Podrez,Momoko Kobori,2,0,20260413,0,4,4,3,34/43 (79%),30/37 (81%),5/9 (56%),4/7 (57%),16/34 (47%),27/30 (90%),3/9 (33%),3/7 (43%),7,8,5/10 (50%),1/2 (50%),26,54,19,30,7,24,5,8,3,12,2,7,2,7,3/30 (10%),18/34 (52%),4/7 (57%),6/9 (66%),8,7,1,5,0,0,0,0,1,0,18/22 (82%),11/13 (85%),3/4 (75%),2/2 (100%),6/18 (33%),10/11 (91%),2/4 (50%),2/2 (100%),3,3,3/6 (50%),0/0 (0%),8,12,1,14,4,8,0,6,1/11 (9%),12/18 (66%),0/2 (0%),2/4 (50%),3,3,0,3,0,0,0,4,3,3,16/21 (76%),19/24 (79%),2/5 (40%),2/5 (40%),10/16 (63%),17/19 (89%),1/5 (20%),1/5 (20%),4,5,2/4 (50%),1/2 (50%),11,18,6,10,5,5,2,3,2/19 (10%),6/16 (37%),4/5 (80%),4/5 (80%),5,4,1,2,0,0,,,,,,,,,,,,,,,,,,,,,,,,,,,,,,,,,,
15989817,WTA,"Rouen, France, Qualifying",2026-04-12,Qualification Round 1,Red clay indoor,Dominika Salkova,Yasmine Mansouri,2,0,20260413,1,1,1,1,16/29 (55%),22/38 (58%),12/13 (92%),15/16 (94%),15/16 (94%),12/22 (55%),9/13 (69%),3/16 (19%),7,6,0/0 (0%),4/9 (44%),36,31,23,25,13,6,10,3,5,0,7,1,7,1,10/22 (45%),1/16 (6%),13/16 (81%),4/13 (30%),6,7,5,0,0,0,1,1,0,0,13/20 (65%),11/16 (69%),7/7 (100%),5/5 (100%),12/13 (92%),6/11 (55%),4/7 (57%),1/5 (20%),4,3,0/0 (0%),1/3 (33%),16,7,9,4,8,3,5,1,5/11 (45%),1/13 (7%),4/5 (80%),3/7 (42%),3,4,2,0,0,0,0,0,0,1,13/14 (93%),13/22 (59%),1/1 (100%),8/9 (89%),12/13 (92%),6/13 (46%),0/1 (0%),2/9 (22%),3,3,0/0 (0%),3/6 (50%),12,8,14,2,10,3,6,0,7/13 (53%),1/13 (7%),7/9 (77%),1/1 (100%),3,3,3,0,0,0,,,,,,,,,,,,,,,,,,,,,,,,,,,,,,,,,,
15989813,WTA,"Rouen, France, Qualifying",2026-04-12,Qualification Round 1,Red clay indoor,Julie Belgraver,Maria Kozyreva,2,0,20260413,0,2,1,4,37/62 (60%),32/65 (49%),24/25 (96%),29/33 (88%),21/37 (57%),21/32 (66%),11/25 (44%),17/33 (52%),10,11,5/10 (50%),5/8 (62%),59,68,32,38,27,30,6,10,8,13,5,8,2,4,11/32 (34%),16/37 (43%),16/33 (48%),14/25 (56%),11,10,3,5,0,0,0,0,1,2,36/41 (88%),28/37 (76%),4/5 (80%),8/10 (80%),20/36 (56%),14/28 (50%),1/5 (20%),5/9 (56%),6,6,4/7 (57%),4/6 (66%),21,19,18,20,6,3,2,2,14/28 (50%),16/36 (44%),4/9 (44%),4/5 (80%),6,6,2,3,0,0,0,2,0,2,17/21 (81%),22/29 (76%),4/4 (100%),6/8 (75%),8/17 (47%),17/22 (77%),3/4 (75%),3/7 (43%),4,5,1/3 (33%),1/2 (50%),11,20,9,10,5,10,2,4,5/22 (22%),9/17 (52%),4/7 (57%),1/4 (25%),5,4,1,2,0,0,,,,,,,,,,,,,,,,,,,,,,,,,,,,,,,,,,
15992149,WTA,"Rouen, France, Qualifying",2026-04-12,Qualification Final,Red clay indoor,Alina Charaeva,Jessica Pieri,2,0,20260413,5,0,2,2,33/57 (58%),31/50 (62%),22/24 (92%),17/19 (89%),22/33 (67%),13/31 (42%),12/24 (50%),6/19 (32%),7,7,6/7 (85%),5/11 (45%),64,42,34,19,30,23,7,4,12,2,6,1,8,1,18/31 (58%),11/33 (33%),13/19 (68%),12/24 (50%),7,7,6,1,0,0,2,0,1,1,18/32 (56%),18/33 (55%),13/14 (93%),14/15 (93%),12/18 (67%),7/18 (39%),5/14 (36%),5/15 (33%),3,4,6/7 (85%),5/9 (55%),17,12,21,15,7,3,5,1,11/18 (61%),6/18 (33%),10/15 (66%),9/14 (64%),4,3,4,1,0,0,3,0,1,1,15/25 (60%),13/16 (81%),9/10 (90%),3/4 (75%),10/15 (67%),6/13 (46%),7/10 (70%),1/3 (33%),4,3,0/0 (0%),0/2 (0%),17,7,9,8,4,4,3,1,7/13 (53%),5/15 (33%),2/3 (66%),3/10 (30%),3,4,2,0,0,0,,,,,,,,,,,,,,,,,,,,,,,,,,,,,,,,,,
15991915,WTA,"Rouen, France, Qualifying",2026-04-12,Qualification Final,Red clay indoor,Chloe Paquet,Maria Timofeeva,2,0,20260413,4,1,0,5,48/70 (69%),58/87 (67%),22/22 (100%),24/29 (83%),30/48 (63%),39/58 (67%),12/22 (55%),15/29 (52%),10,11,2/4 (50%),3/4 (75%),75,82,42,54,33,28,8,5,9,13,8,10,3,3,19/58 (32%),18/48 (37%),14/29 (48%),10/22 (45%),11,10,1,2,0,1,1,1,0,4,17/23 (74%),36/51 (71%),6/6 (100%),11/15 (73%),10/17 (59%),23/36 (64%),4/6 (67%),8/15 (53%),4,5,1/2 (50%),3/3 (100%),14,31,20,9,4,3,1,3,13/36 (36%),7/17 (41%),7/15 (46%),2/6 (33%),5,4,0,1,0,0,3,0,0,1,31/47 (66%),22/36 (61%),16/16 (100%),13/14 (93%),20/31 (65%),16/22 (73%),8/16 (50%),7/14 (50%),6,6,1/2 (50%),0/1 (0%),28,23,13,19,8,5,3,3,6/22 (27%),11/31 (35%),7/14 (50%),8/16 (50%),6,6,1,1,0,1,,,,,,,,,,,,,,,,,,,,,,,,,,,,,,,,,,
15992683,WTA,"Rouen, France, Qualifying",2026-04-12,Qualification Final,Red clay indoor,Iryna Shymanovich,Ekaterina Kazionova,2,0,20260413,0,0,1,2,28/47 (60%),23/42 (55%),18/19 (95%),17/19 (89%),19/28 (68%),8/23 (35%),11/19 (58%),6/19 (32%),7,7,6/7 (85%),3/9 (33%),58,31,30,14,28,17,12,5,12,2,6,1,7,1,15/23 (65%),9/28 (32%),13/19 (68%),8/19 (42%),7,7,6,1,0,0,0,0,1,1,15/20 (75%),20/25 (80%),4/5 (80%),5/6 (83%),12/15 (80%),8/20 (40%),1/5 (20%),1/5 (20%),3,3,1/1 (100%),3/6 (50%),13,9,16,7,3,2,6,0,12/20 (60%),3/15 (20%),4/5 (80%),4/5 (80%),3,3,3,0,0,0,0,0,0,1,18/27 (67%),8/17 (47%),9/9 (100%),8/9 (89%),11/18 (61%),3/8 (38%),6/9 (67%),2/9 (22%),4,4,5/6 (83%),0/3 (0%),17,5,12,10,12,5,4,1,5/8 (62%),7/18 (38%),7/9 (77%),3/9 (33%),4,4,3,1,0,0,,,,,,,,,,,,,,,,,,,,,,,,,,,,,,,,,,
15992540,WTA,"Rouen, France, Qualifying",2026-04-12,Qualification Final,Red clay indoor,Xinyu Wang,Harmony Tan,2,1,20260413,3,4,2,3,52/73 (71%),43/85 (51%),19/21 (90%),39/42 (93%),34/52 (65%),30/43 (70%),12/21 (57%),19/42 (45%),12,12,6/8 (75%),5/9 (55%),82,76,46,49,36,27,6,7,14,10,10,8,7,3,13/43 (30%),18/52 (34%),23/42 (54%),9/21 (42%),12,12,4,2,0,0,1,1,1,1,19/32 (59%),19/33 (58%),12/13 (92%),13/14 (93%),8/19 (42%),13/19 (68%),8/13 (62%),8/14 (57%),4,4,4/6 (66%),3/3 (100%),16,21,12,16,3,7,1,3,6/19 (31%),11/19 (57%),6/14 (42%),5/13 (38%),4,4,0,2,0,0,1,3,0,2,12/17 (71%),11/26 (42%),5/5 (100%),13/15 (87%),11/12 (92%),6/11 (55%),2/5 (40%),6/15 (40%),3,4,1/1 (100%),1/4 (25%),13,12,14,4,5,4,6,1,5/11 (45%),1/12 (8%),9/15 (60%),3/5 (60%),4,3,3,0,0,0,1,0,1,0,23/29 (79%),13/26 (50%),5/6 (83%),13/13 (100%),16/23 (70%),11/13 (85%),5/6 (83%),5/13 (38%),5,4,21,16,10,8,6,4,2/13 (15%),7/23 (30%),8/13 (61%),1/6 (16%),4,5,1,0,0,0,1/1 (100%),1/2 (50%),3,1
15993024,WTA,"Rouen, France, Qualifying",2026-04-12,Qualification Final,Red clay indoor,Veronika Podrez,Dominika Salkova,2,0,20260413,2,2,2,2,35/50 (70%),29/39 (74%),13/15 (87%),8/10 (80%),17/35 (49%),25/29 (86%),7/15 (47%),5/10 (50%),8,8,6/11 (54%),0/1 (0%),33,56,24,30,9,26,7,10,4,12,3,7,3,8,4/29 (13%),18/35 (51%),5/10 (50%),8/15 (53%),8,8,1,5,0,0,0,1,2,0,12/21 (57%),11/12 (92%),7/9 (78%),1/1 (100%),4/12 (33%),11/11 (100%),3/9 (33%),1/1 (100%),3,3,3/6 (50%),0/0 (0%),7,12,0,14,3,10,0,6,0/11 (0%),8/12 (66%),0/1 (0%),6/9 (66%),3,3,0,3,0,0,2,1,0,2,25/29 (86%),24/27 (89%),4/4 (100%),2/4 (50%),15/25 (60%),16/24 (67%),2/4 (50%),1/3 (33%),5,5,3/5 (60%),0/1 (0%),17,17,10,12,7,5,3,3,8/24 (33%),10/25 (40%),2/3 (66%),2/4 (50%),5,5,1,2,0,0,,,,,,,,,,,,,,,,,,,,,,,,,,,,,,,,,,
15993174,WTA,"Rouen, France, Qualifying",2026-04-12,Qualification Final,Red clay indoor,Elvina Kalieva,Julie Belgraver,2,0,20260413,3,3,3,3,27/45 (60%),38/62 (61%),15/18 (83%),21/24 (88%),16/27 (59%),19/38 (50%),10/18 (56%),7/24 (29%),9,9,0/3 (0%),3/9 (33%),62,45,26,26,36,19,14,6,12,6,6,3,4,3,19/38 (50%),11/27 (40%),17/24 (70%),8/18 (44%),9,9,6,3,0,0,2,1,1,2,16/23 (70%),21/33 (64%),6/7 (86%),10/12 (83%),9/16 (56%),10/21 (48%),4/7 (57%),3/12 (25%),5,5,0/2 (0%),2/5 (40%),13,13,20,10,14,6,4,3,11/21 (52%),7/16 (43%),9/12 (75%),3/7 (42%),5,5,3,2,0,0,1,2,2,1,10/22 (45%),17/29 (59%),10/12 (83%),11/12 (92%),6/10 (60%),9/17 (53%),7/12 (58%),4/12 (33%),4,4,0/1 (0%),1/4 (25%),13,13,16,9,5,4,3,1,8/17 (47%),4/10 (40%),8/12 (66%),5/12 (41%),4,4,3,1,0,0,,,,,,,,,,,,,,,,,,,,,,,,,,,,,,,,,,
15938391,WTA,"Madrid, Spain",2026-04-12,Semifinals,Red clay,Marina Bassols Ribera,Ane Mintegi Del Olmo,2,0,20260413,0,0,4,2,46/63 (73%),35/55 (64%),13/17 (76%),18/20 (90%),18/46 (39%),19/35 (54%),7/17 (41%),9/20 (45%),10,9,2/9 (22%),1/5 (20%),52,66,25,28,27,38,5,8,7,12,3,5,2,6,16/35 (45%),28/46 (60%),11/20 (55%),10/17 (58%),9,10,4,7,0,0,0,0,2,0,18/31 (58%),17/29 (59%),11/13 (85%),12/12 (100%),8/18 (44%),11/17 (65%),6/13 (46%),6/12 (50%),5,4,1/4 (25%),0/1 (0%),14,17,12,17,3,5,2,5,6/17 (35%),10/18 (55%),6/12 (50%),7/13 (53%),4,5,1,3,0,0,0,0,2,2,28/32 (88%),18/26 (69%),2/4 (50%),6/8 (75%),10/28 (36%),8/18 (44%),1/4 (25%),3/8 (38%),5,5,1/5 (20%),1/4 (25%),11,11,15,21,5,8,1,2,10/18 (55%),18/28 (64%),5/8 (62%),3/4 (75%),5,5,3,4,0,0,,,,,,,,,,,,,,,,,,,,,,,,,,,,,,,,,,
15938393,WTA,"Madrid, Spain",2026-04-12,Final,Red clay,Lisa Pigato,Marina Bassols Ribera,2,0,20260413,2,1,1,2,43/62 (69%),52/68 (76%),18/19 (95%),14/16 (88%),28/43 (65%),21/52 (40%),7/19 (37%),8/16 (50%),8,8,5/7 (71%),7/13 (53%),74,56,35,29,39,27,8,3,12,4,6,2,7,2,31/52 (59%),15/43 (34%),8/16 (50%),12/19 (63%),8,8,6,2,0,0,0,1,1,2,23/40 (57%),38/52 (73%),16/17 (94%),12/14 (86%),14/23 (61%),17/38 (45%),7/17 (41%),8/14 (57%),5,5,5/7 (71%),5/8 (62%),21,25,27,19,5,3,3,2,21/38 (55%),9/23 (39%),6/14 (42%),10/17 (58%),5,5,3,2,0,0,2,0,0,0,20/22 (91%),14/16 (88%),2/2 (100%),2/2 (100%),14/20 (70%),4/14 (29%),0/2 (0%),0/2 (0%),3,3,0/0 (0%),2/5 (40%),14,4,12,8,8,2,6,0,10/14 (71%),6/20 (30%),2/2 (100%),2/2 (100%),3,3,3,0,0,0,,,,,,,,,,,,,,,,,,,,,,,,,,,,,,,,,,
15938480,WTA,"Madrid, Spain, Doubles",2026-04-12,Final,Red clay,Burillo Escorihuela I / Pridankina E,Bara I M / Semenistaja D,2,1,20260413,0,0,3,0,51/64 (80%),48/60 (80%),10/13 (77%),12/12 (100%),38/51 (75%),29/48 (60%),6/13 (46%),8/12 (67%),10,9,2/3 (66%),6/7 (85%),67,57,44,37,23,20,7,4,10,9,9,8,3,3,19/48 (39%),13/51 (25%),4/12 (33%),7/13 (53%),9,10,1,1,1,0,0,0,2,0,23/31 (74%),22/28 (79%),6/8 (75%),6/6 (100%),16/23 (70%),16/22 (73%),3/8 (38%),4/6 (67%),5,5,1/2 (50%),4/4 (100%),19,20,8,12,7,4,1,3,6/22 (27%),7/23 (30%),2/6 (33%),5/8 (62%),5,5,0,1,0,0,0,0,1,0,23/27 (85%),21/25 (84%),3/4 (75%),4/4 (100%),18/23 (78%),12/21 (57%),2/4 (50%),3/4 (75%),5,4,0/1 (0%),2/3 (66%),20,15,10,7,6,4,3,1,9/21 (42%),5/23 (21%),1/4 (25%),2/4 (50%),4,5,1,1,0,0,0,0,0,0,5/6 (83%),5/7 (71%),1/1 (100%),2/2 (100%),4/5 (80%),1/5 (20%),1/1 (100%),1/2 (50%),0,0,5,2,5,1,7,2,4/5 (80%),1/5 (20%),1/2 (50%),0/1 (0%),0,0,0,0,1,0,,,1,0
15993421,WTA,"Oeiras 3, Portugal, Qualifying",2026-04-12,Qualification Round 1,Red clay,Anouck Vrancken Peeters,Caroline Werner,2,0,20260413,1,2,5,0,45/71 (63%),60/75 (80%),21/26 (81%),15/15 (100%),31/45 (69%),32/60 (53%),10/26 (38%),5/15 (33%),12,12,3/7 (42%),2/8 (25%),79,66,41,37,38,29,6,6,14,10,8,6,3,2,28/60 (46%),14/45 (31%),10/15 (66%),16/26 (61%),12,12,6,4,0,0,1,0,2,0,21/35 (60%),28/34 (82%),12/14 (86%),6/6 (100%),15/21 (71%),15/28 (54%),6/14 (43%),2/6 (33%),6,6,2/4 (50%),1/4 (25%),21,17,17,14,4,4,2,2,13/28 (46%),6/21 (28%),4/6 (66%),8/14 (57%),6,6,3,2,0,0,0,2,3,0,24/35 (69%),32/41 (78%),9/12 (75%),9/9 (100%),16/24 (67%),17/32 (53%),4/11 (36%),3/9 (33%),6,6,1/3 (33%),1/4 (25%),20,20,21,15,5,6,3,2,15/32 (46%),8/24 (33%),6/9 (66%),7/11 (63%),6,6,3,2,0,0,,,,,,,,,,,,,,,,,,,,,,,,,,,,,,,,,,
15993420,WTA,"Oeiras 3, Portugal, Qualifying",2026-04-12,Qualification Round 1,Red clay,Carol Young-suh Lee,Gabriela Agra Amorim,2,0,20260413,3,0,3,9,27/39 (69%),23/45 (51%),9/12 (75%),13/22 (59%),24/27 (89%),10/23 (43%),8/12 (67%),9/22 (41%),8,7,0/0 (0%),2/6 (33%),55,25,32,19,23,6,12,6,12,3,8,3,5,1,13/23 (56%),3/27 (11%),13/22 (59%),4/12 (33%),7,8,4,0,0,0,1,0,2,5,15/20 (75%),14/23 (61%),4/6 (67%),6/11 (55%),12/15 (80%),6/14 (43%),4/5 (80%),5/9 (56%),4,3,0/0 (0%),2/4 (50%),16,11,12,4,7,6,5,1,8/14 (57%),3/15 (20%),4/9 (44%),1/5 (20%),3,4,2,0,0,0,2,0,1,4,12/18 (67%),9/19 (47%),5/6 (83%),7/11 (64%),12/12 (100%),4/9 (44%),4/6 (67%),4/10 (40%),4,4,0/0 (0%),0/2 (0%),16,8,11,2,8,2,3,1,5/9 (55%),0/12 (0%),6/10 (60%),2/6 (33%),4,4,2,0,0,0,,,,,,,,,,,,,,,,,,,,,,,,,,,,,,,,,,
15993607,WTA,"Oeiras 3, Portugal, Qualifying",2026-04-12,Qualification Round 1,Red clay,Mia Ristić,Lea Bošković,2,0,20260413,0,0,1,1,57/65 (88%),40/50 (80%),7/8 (88%),9/10 (90%),28/57 (49%),26/40 (65%),3/8 (38%),9/10 (90%),8,9,4/8 (50%),2/3 (66%),46,69,31,35,15,34,4,14,5,12,4,8,2,5,14/40 (35%),29/57 (50%),1/10 (10%),5/8 (62%),9,8,1,4,0,0,0,0,1,1,23/26 (88%),13/18 (72%),2/3 (67%),4/5 (80%),9/23 (39%),9/13 (69%),1/3 (33%),4/5 (80%),4,4,1/4 (25%),1/2 (50%),10,13,5,16,3,11,2,4,4/13 (30%),14/23 (60%),1/5 (20%),2/3 (66%),4,4,1,3,0,0,0,0,0,0,34/39 (87%),27/32 (84%),5/5 (100%),5/5 (100%),19/34 (56%),17/27 (63%),2/5 (40%),5/5 (100%),4,5,3/4 (75%),1/1 (100%),21,22,10,18,4,4,1,3,10/27 (37%),15/34 (44%),0/5 (0%),3/5 (60%),5,4,0,1,0,0,,,,,,,,,,,,,,,,,,,,,,,,,,,,,,,,,,
15993419,WTA,"Oeiras 3, Portugal, Qualifying",2026-04-12,Qualification Round 1,Red clay,Ekaterine Gorgodze,Angelina Voloshchuk,2,0,20260413,0,0,1,6,44/56 (79%),34/52 (65%),11/12 (92%),12/18 (67%),26/44 (59%),17/34 (50%),9/12 (75%),7/18 (39%),9,9,1/3 (33%),3/8 (37%),63,45,35,24,28,21,6,5,12,6,7,4,3,3,17/34 (50%),18/44 (40%),11/18 (61%),3/12 (25%),9,9,5,2,0,0,0,0,0,3,26/31 (84%),15/21 (71%),5/5 (100%),4/7 (57%),14/26 (54%),6/15 (40%),4/5 (80%),1/6 (17%),4,4,1/2 (50%),1/4 (25%),18,7,14,13,6,3,3,2,9/15 (60%),12/26 (46%),5/6 (83%),1/5 (20%),4,4,3,1,0,0,0,0,1,2,23/27 (85%),21/31 (68%),3/4 (75%),8/10 (80%),17/23 (74%),12/21 (57%),2/4 (50%),5/10 (50%),5,5,0/1 (0%),2/4 (50%),19,17,14,8,6,5,3,3,9/21 (42%),6/23 (26%),5/10 (50%),2/4 (50%),5,5,2,1,0,0,,,,,,,,,,,,,,,,,,,,,,,,,,,,,,,,,,
15993608,WTA,"Oeiras 3, Portugal, Qualifying",2026-04-12,Qualification Round 1,Red clay,Jil Teichmann,Amarissa Kiara Toth,2,0,20260413,0,0,1,1,31/46 (67%),36/55 (65%),14/15 (93%),18/19 (95%),19/31 (61%),14/36 (39%),9/15 (60%),9/19 (47%),9,9,2/5 (40%),3/9 (33%),60,41,28,23,32,18,7,3,12,6,6,3,6,3,22/36 (61%),12/31 (38%),10/19 (52%),6/15 (40%),9,9,6,3,0,0,0,0,1,0,19/23 (83%),16/25 (64%),3/4 (75%),9/9 (100%),10/19 (53%),3/16 (19%),2/4 (50%),4/9 (44%),4,4,1/3 (33%),3/7 (42%),12,7,18,11,6,3,4,1,13/16 (81%),9/19 (47%),5/9 (55%),2/4 (50%),4,4,4,2,0,0,0,0,0,1,19/25 (76%),18/30 (60%),6/6 (100%),11/12 (92%),15/19 (79%),9/18 (50%),3/6 (50%),7/12 (58%),5,5,1/2 (50%),0/2 (0%),18,16,14,7,7,3,3,3,9/18 (50%),4/19 (21%),5/12 (41%),3/6 (50%),5,5,2,1,0,0,,,,,,,,,,,,,,,,,,,,,,,,,,,,,,,,,,
15993578,WTA,"Oeiras 3, Portugal, Qualifying",2026-04-12,Qualification Round 1,Red clay,Elena Ruxandra Bertea,Alisa Oktiabreva,2,1,20260413,3,0,1,9,70/108 (65%),71/110 (65%),37/38 (97%),30/39 (77%),40/70 (57%),42/71 (59%),16/38 (42%),19/39 (49%),15,15,3/9 (33%),3/8 (37%),105,113,56,61,49,52,8,8,15,16,9,10,2,6,29/71 (40%),30/70 (42%),20/39 (51%),22/38 (57%),15,15,5,6,1,0,0,0,0,5,36/54 (67%),41/56 (73%),18/18 (100%),10/15 (67%),19/36 (53%),23/41 (56%),10/18 (56%),6/15 (40%),6,6,3/5 (60%),2/4 (50%),29,29,27,25,6,4,2,3,18/41 (43%),17/36 (47%),9/15 (60%),8/18 (44%),6,6,2,2,1,0,0,0,0,2,17/23 (74%),14/26 (54%),6/6 (100%),11/13 (85%),8/17 (47%),10/14 (71%),2/6 (33%),9/12 (75%),4,4,0/2 (0%),1/1 (100%),10,19,7,13,3,8,1,5,4/14 (28%),9/17 (52%),3/12 (25%),4/6 (66%),4,4,0,2,0,0,3,0,1,2,24/31 (77%),23/28 (82%),6/7 (86%),3/5 (60%),14/24 (58%),12/23 (52%),3/7 (43%),1/5 (20%),5,5,17,13,15,14,8,5,11/23 (47%),10/24 (41%),4/5 (80%),4/7 (57%),5,5,3,2,0,0,0/2 (0%),0/3 (0%),2,2
15993609,WTA,"Oeiras 3, Portugal, Qualifying",2026-04-12,Qualification Round 1,Red clay,Gabriela Lee,Barbora Palicova,2,1,20260413,1,0,5,3,39/62 (63%),73/103 (71%),18/23 (78%),27/30 (90%),27/39 (69%),41/73 (56%),8/23 (35%),15/30 (50%),11,12,5/9 (55%),10/14 (71%),82,83,35,56,47,27,5,6,11,12,7,8,6,3,32/73 (43%),12/39 (30%),15/30 (50%),15/23 (65%),12,11,4,4,0,0,0,0,5,2,18/28 (64%),21/29 (72%),5/10 (50%),6/8 (75%),11/18 (61%),12/21 (57%),0/10 (0%),5/8 (63%),4,4,5/8 (62%),3/4 (75%),11,17,12,17,4,5,1,3,9/21 (42%),7/18 (38%),3/8 (37%),10/10 (100%),4,4,1,3,0,0,1,0,0,1,12/15 (80%),23/27 (85%),3/3 (100%),3/4 (75%),9/12 (75%),9/23 (39%),3/3 (100%),1/4 (25%),3,3,0/0 (0%),4/7 (57%),12,10,17,3,5,3,6,0,14/23 (60%),3/12 (25%),3/4 (75%),0/3 (0%),3,3,3,0,0,0,0,0,0,0,13/19 (68%),40/47 (85%),6/6 (100%),7/7 (100%),7/13 (54%),24/40 (60%),5/6 (83%),5/7 (71%),4,5,12,29,18,7,5,6,16/40 (40%),6/13 (46%),2/7 (28%),1/6 (16%),5,4,0,1,0,0,0/1 (0%),3/3 (100%),1,3
15993577,WTA,"Oeiras 3, Portugal, Qualifying",2026-04-12,Qualification Round 1,Red clay,Tessa Johanna Brockmann,Analu Freitas,2,0,20260413,1,2,3,0,29/35 (83%),26/40 (65%),3/6 (50%),14/14 (100%),8/29 (28%),17/26 (65%),1/6 (17%),11/14 (79%),6,6,2/8 (25%),4/4 (100%),21,53,9,28,12,25,3,10,0,12,0,6,0,12,9/26 (34%),21/29 (72%),3/14 (21%),5/6 (83%),6,6,0,6,0,0,1,1,3,0,11/15 (73%),9/19 (47%),2/5 (40%),10/10 (100%),3/11 (27%),6/9 (67%),0/4 (0%),8/10 (80%),3,3,2/5 (40%),1/1 (100%),3,14,5,12,2,10,0,6,3/9 (33%),8/11 (72%),2/10 (20%),4/4 (100%),3,3,0,3,0,0,0,1,0,0,18/19 (95%),17/21 (81%),1/1 (100%),4/4 (100%),5/18 (28%),11/17 (65%),1/1 (100%),3/4 (75%),3,3,0/3 (0%),3/3 (100%),6,14,7,13,3,5,0,6,6/17 (35%),13/18 (72%),1/4 (25%),0/1 (0%),3,3,0,3,0,0,,,,,,,,,,,,,,,,,,,,,,,,,,,,,,,,,,
15921175,ATP,"Monte Carlo, Monaco",2026-04-13,Final,Red clay,Jannik Sinner,Carlos Alcaraz,2,0,20260413,3,0,5,2,54/92 (59%),38/75 (51%),33/38 (87%),35/37 (95%),31/54 (57%),25/38 (66%),22/38 (58%),24/37 (65%),10,11,7/9 (77%),2/3 (66%),79,88,53,49,26,39,5,5,9,13,7,9,3,5,13/38 (34%),23/54 (42%),13/37 (35%),16/38 (42%),11,10,1,2,0,1,1,0,3,2,28/49 (57%),24/45 (53%),18/21 (86%),19/21 (90%),19/28 (68%),17/24 (71%),12/21 (57%),13/21 (62%),6,6,3/4 (75%),0/1 (0%),31,30,15,18,5,4,2,2,7/24 (29%),9/28 (32%),8/21 (38%),9/21 (42%),6,6,1,1,0,1,2,0,2,0,25/43 (58%),14/30 (47%),16/18 (89%),16/16 (100%),12/25 (48%),8/14 (57%),10/18 (56%),11/16 (69%),4,5,5/7 (71%),3/4 (75%),22,19,11,21,5,5,3,5,6/14 (42%),13/25 (52%),5/16 (31%),8/18 (44%),5,4,1,2,0,0,,,,,,,,,,,,,,,,,,,,,,,,,,,,,,,,,,
15992690,ATP,"Munich, Germany, Qualifying",2026-04-13,Qualification Final,Red clay,Alex Molčan,Emilio Nava,2,0,20260413,4,3,1,1,43/64 (67%),32/52 (62%),20/21 (95%),19/20 (95%),27/43 (63%),27/32 (84%),7/21 (33%),11/20 (55%),10,9,3/5 (60%),2/2 (100%),48,68,34,38,14,30,5,9,7,13,6,8,3,7,5/32 (15%),16/43 (37%),9/20 (45%),14/21 (66%),9,10,0,2,0,1,2,1,0,1,15/24 (63%),13/20 (65%),9/9 (100%),6/7 (86%),7/15 (47%),11/13 (85%),2/9 (22%),3/7 (43%),4,3,3/6 (50%),1/1 (100%),9,14,6,15,3,9,1,6,2/13 (15%),8/15 (53%),4/7 (57%),7/9 (77%),3,4,0,3,0,0,2,2,1,0,27/40 (68%),18/32 (56%),12/13 (92%),14/14 (100%),19/27 (70%),15/18 (83%),6/13 (46%),9/14 (64%),6,6,1/2 (50%),1/2 (50%),25,24,8,15,5,5,3,3,3/18 (16%),8/27 (29%),5/14 (35%),7/13 (53%),6,6,1,1,0,1,,,,,,,,,,,,,,,,,,,,,,,,,,,,,,,,,,
15992583,ATP,"Munich, Germany, Qualifying",2026-04-13,Qualification Final,Red clay,Diego Dedura-Palomero,Sumit Nagal,2,1,20260413,2,1,0,3,89/107 (83%),69/106 (65%),18/18 (100%),34/37 (92%),57/89 (64%),42/69 (61%),10/18 (56%),18/37 (49%),15,15,7/8 (87%),7/11 (63%),113,100,67,60,46,40,5,6,18,13,13,10,5,3,27/69 (39%),32/89 (35%),19/37 (51%),8/18 (44%),15,15,4,1,0,1,0,0,0,0,38/45 (84%),28/45 (62%),7/7 (100%),17/17 (100%),22/38 (58%),14/28 (50%),3/7 (43%),10/17 (59%),6,6,2/4 (50%),2/4 (50%),25,24,21,20,5,3,2,2,14/28 (50%),16/38 (42%),7/17 (41%),4/7 (57%),6,6,2,2,0,1,0,1,0,3,27/31 (87%),28/40 (70%),4/4 (100%),9/12 (75%),18/27 (67%),18/28 (64%),2/4 (50%),4/12 (33%),4,5,6/6 (100%),7/9 (77%),20,22,18,11,5,6,4,1,10/28 (35%),9/27 (33%),8/12 (66%),2/4 (50%),5,4,2,0,0,0,2,0,0,0,24/31 (77%),13/21 (62%),7/7 (100%),8/8 (100%),17/24 (71%),10/13 (77%),5/7 (71%),4/8 (50%),5,4,22,14,7,9,4,4,3/13 (23%),7/24 (29%),4/8 (50%),2/7 (28%),4,5,1,0,0,0,2/2 (100%),0/1 (0%),3,1
15992691,ATP,"Munich, Germany, Doubles, Qualifying",2026-04-13,Qualification Final,Red clay,Schnaitter J / Wallner M,Galloway R / Peers J,2,1,20260413,5,4,1,3,50/61 (82%),42/60 (70%),10/11 (91%),15/18 (83%),33/50 (66%),29/42 (69%),5/11 (45%),7/18 (39%),9,9,4/4 (100%),2/3 (66%),62,59,38,36,24,23,5,7,10,8,8,7,4,2,13/42 (30%),17/50 (34%),11/18 (61%),6/11 (54%),9,9,1,0,1,0,2,2,1,0,20/25 (80%),20/28 (71%),4/5 (80%),8/8 (100%),14/20 (70%),15/20 (75%),3/5 (60%),5/8 (63%),5,5,3/4 (75%),3/3 (100%),17,20,8,8,5,7,1,2,5/20 (25%),6/20 (30%),3/8 (37%),2/5 (40%),5,5,0,1,0,0,3,2,0,2,21/26 (81%),14/22 (64%),5/5 (100%),6/8 (75%),14/21 (67%),10/14 (71%),2/5 (40%),2/8 (25%),4,4,2/2 (100%),1/3 (33%),16,12,10,10,5,3,4,1,4/14 (28%),7/21 (33%),6/8 (75%),3/5 (60%),4,4,2,0,0,0,0,0,0,1,9/10 (90%),8/10 (80%),1/1 (100%),1/2 (50%),5/9 (56%),4/8 (50%),0/1 (0%),0/2 (0%),0,0,5,4,6,5,4,3,4/8 (50%),4/9 (44%),2/2 (100%),1/1 (100%),0,0,0,0,0,0,,,1,0
15938151,WTA,"Linz, Austria",2026-04-13,Final,Red clay indoor,Mirra Andreeva,Anastasia Potapova,2,1,20260413,4,5,4,1,47/74 (64%),57/98 (58%),23/27 (85%),40/41 (98%),32/47 (68%),39/57 (68%),11/27 (41%),16/41 (39%),13,13,0/5 (0%),7/12 (58%),86,86,43,55,43,31,7,7,13,13,8,8,3,5,18/57 (31%),15/47 (31%),25/41 (60%),16/27 (59%),13,13,5,5,0,0,3,3,1,0,18/26 (69%),18/24 (75%),7/8 (88%),6/6 (100%),10/18 (56%),13/18 (72%),1/8 (13%),2/6 (33%),4,3,0/3 (0%),1/1 (100%),11,15,9,15,4,4,1,4,5/18 (27%),8/18 (44%),4/6 (66%),7/8 (87%),3,4,0,3,0,0,1,0,1,1,14/27 (52%),14/28 (50%),12/13 (92%),13/14 (93%),11/14 (79%),9/14 (64%),7/13 (54%),8/14 (57%),5,5,0/1 (0%),1/3 (33%),18,17,11,9,7,5,2,1,5/14 (35%),3/14 (21%),6/14 (42%),6/13 (46%),5,5,2,1,0,0,0,2,2,0,15/21 (71%),25/46 (54%),4/6 (67%),21/21 (100%),11/15 (73%),17/25 (68%),3/6 (50%),6/21 (29%),4,5,14,23,23,7,5,4,8/25 (32%),4/15 (26%),15/21 (71%),3/6 (50%),5,4,3,1,0,0,0/1 (0%),5/8 (62%),3,1
15921185,ATP,"Monte Carlo, Monaco, Doubles",2026-04-13,Final,Red clay,Krawietz K / Puetz T,Arevalo M / Pavic M,2,1,20260413,4,0,3,4,39/58 (67%),37/54 (69%),16/19 (84%),13/17 (76%),29/39 (74%),28/37 (76%),6/19 (32%),8/17 (47%),9,9,3/4 (75%),1/3 (33%),53,59,35,36,18,23,8,6,8,10,6,7,3,3,9/37 (24%),10/39 (25%),9/17 (52%),13/19 (68%),9,9,2,1,0,1,3,0,0,2,19/27 (70%),19/28 (68%),8/8 (100%),7/9 (78%),15/19 (79%),15/19 (79%),5/8 (63%),3/9 (33%),5,5,2/2 (100%),1/2 (50%),20,18,10,7,6,4,3,1,4/19 (21%),4/19 (21%),6/9 (66%),3/8 (37%),5,5,1,0,0,0,1,0,3,2,13/22 (59%),11/17 (65%),6/9 (67%),4/6 (67%),10/13 (77%),9/11 (82%),0/9 (0%),3/6 (50%),4,4,3/6 (50%),0/1 (0%),10,12,5,12,8,6,2,3,2/11 (18%),3/13 (23%),3/6 (50%),9/9 (100%),4,4,1,3,0,0,0,0,0,0,7/9 (78%),7/9 (78%),2/2 (100%),2/2 (100%),4/7 (57%),4/7 (57%),1/2 (50%),2/2 (100%),0,0,5,6,3,4,3,3,3/7 (42%),3/7 (42%),0/2 (0%),1/2 (50%),0,0,0,0,0,0,,,0,1
15938159,WTA,"Linz, Austria, Doubles",2026-04-13,Final,Red clay indoor,Cirstea S / Zhang S,Kolodziejova M / Maleckova J,2,0,20260413,4,2,0,4,34/51 (67%),27/47 (57%),17/17 (100%),16/20 (80%),23/34 (68%),11/27 (41%),8/17 (47%),6/20 (30%),9,8,4/7 (57%),6/12 (50%),61,37,31,17,30,20,8,4,12,5,6,2,4,2,16/27 (59%),11/34 (32%),14/20 (70%),9/17 (52%),8,9,6,3,0,0,3,2,0,3,20/28 (71%),15/27 (56%),8/8 (100%),9/12 (75%),15/20 (75%),7/15 (47%),4/8 (50%),6/12 (50%),5,4,1/2 (50%),6/8 (75%),19,13,14,9,6,3,4,2,8/15 (53%),5/20 (25%),6/12 (50%),4/8 (50%),4,5,2,1,0,0,1,0,0,1,14/23 (61%),12/20 (60%),9/9 (100%),7/8 (88%),8/14 (57%),4/12 (33%),4/9 (44%),0/8 (0%),4,4,3/5 (60%),0/4 (0%),12,4,16,11,7,4,3,1,8/12 (66%),6/14 (42%),8/8 (100%),5/9 (55%),4,4,4,2,0,0,,,,,,,,,,,,,,,,,,,,,,,,,,,,,,,,,,
15991762,ATP,"Barcelona, Spain, Qualifying",2026-04-13,Qualification Final,Red clay,Ethan Quinn,Daniel Merida,2,0,20260413,2,0,1,2,36/51 (71%),29/46 (63%),14/15 (93%),15/17 (88%),28/36 (78%),18/29 (62%),7/15 (47%),6/17 (35%),8,8,0/0 (0%),2/5 (40%),57,40,35,24,22,16,9,4,12,4,8,4,6,1,11/29 (37%),8/36 (22%),11/17 (64%),8/15 (53%),8,8,3,0,0,0,1,0,1,1,25/36 (69%),11/22 (50%),10/11 (91%),10/11 (91%),18/25 (72%),9/11 (82%),5/11 (45%),5/11 (45%),5,4,0/0 (0%),2/3 (66%),23,14,8,13,5,4,3,1,2/11 (18%),7/25 (28%),6/11 (54%),6/11 (54%),4,5,1,0,0,0,1,0,0,1,9/15 (60%),17/24 (71%),6/6 (100%),6/7 (86%),9/9 (100%),9/17 (53%),3/6 (50%),1/7 (14%),3,4,0/0 (0%),1/4 (25%),12,10,14,3,9,3,6,1,8/17 (47%),0/9 (0%),6/7 (85%),3/6 (50%),4,3,3,0,0,0,,,,,,,,,,,,,,,,,,,,,,,,,,,,,,,,,,
15992374,ATP,"Barcelona, Spain, Qualifying",2026-04-13,Qualification Final,Red clay,Juan Manuel Cerundolo,Jesper De Jong,2,0,20260413,2,4,2,1,36/63 (57%),34/55 (62%),25/27 (93%),20/21 (95%),26/36 (72%),22/34 (65%),20/27 (74%),14/21 (67%),10,10,3/3 (100%),1/2 (50%),65,53,46,36,19,17,8,6,12,8,10,8,3,1,12/34 (35%),10/36 (27%),7/21 (33%),7/27 (25%),10,10,1,0,0,0,1,2,1,1,16/32 (50%),16/28 (57%),15/16 (94%),11/12 (92%),9/16 (56%),11/16 (69%),14/16 (88%),7/12 (58%),5,5,1/1 (100%),0/1 (0%),23,18,10,9,8,6,3,1,5/16 (31%),7/16 (43%),5/12 (41%),2/16 (12%),5,5,1,0,0,0,1,2,1,0,18/31 (58%),15/27 (56%),12/13 (92%),12/12 (100%),15/18 (83%),10/15 (67%),8/13 (62%),8/12 (67%),5,5,2/2 (100%),0/1 (0%),23,18,9,8,4,4,3,1,5/15 (33%),3/18 (16%),4/12 (33%),5/13 (38%),5,5,1,0,0,0,,,,,,,,,,,,,,,,,,,,,,,,,,,,,,,,,,
15992015,ATP,"Barcelona, Spain, Qualifying",2026-04-13,Qualification Final,Red clay,Otto Virtanen,Alexandre Muller,2,0,20260413,5,0,2,0,33/59 (56%),43/61 (70%),24/26 (92%),18/18 (100%),27/33 (82%),27/43 (63%),16/26 (62%),11/18 (61%),10,10,2/2 (100%),3/4 (75%),66,54,43,38,23,16,5,4,12,8,10,8,3,1,16/43 (37%),6/33 (18%),7/18 (38%),10/26 (38%),10,10,1,0,0,0,3,0,1,0,15/28 (54%),20/28 (71%),12/13 (92%),8/8 (100%),12/15 (80%),13/20 (65%),9/13 (69%),5/8 (63%),5,5,1/1 (100%),0/1 (0%),21,18,10,7,5,4,3,1,7/20 (35%),3/15 (20%),3/8 (37%),4/13 (30%),5,5,1,0,0,0,2,0,1,0,18/31 (58%),22/33 (67%),12/13 (92%),11/11 (100%),15/18 (83%),14/22 (64%),7/13 (54%),6/11 (55%),5,5,1/1 (100%),3/4 (75%),22,20,13,9,5,4,2,1,8/22 (36%),3/18 (16%),5/11 (45%),6/13 (46%),5,5,1,0,0,0,,,,,,,,,,,,,,,,,,,,,,,,,,,,,,,,,,
15992553,ATP,"Barcelona, Spain, Qualifying",2026-04-13,Qualification Final,Red clay,Pedro Martinez,Marco Trungelliti,2,1,20260413,10,3,3,5,70/100 (70%),89/126 (71%),27/30 (90%),32/37 (86%),46/70 (66%),54/89 (61%),14/30 (47%),19/37 (51%),15,16,4/6 (66%),8/11 (72%),113,113,60,73,53,40,6,5,14,18,11,13,5,5,35/89 (39%),24/70 (34%),18/37 (48%),16/30 (53%),16,15,3,2,0,1,4,0,2,3,28/38 (74%),35/47 (74%),8/10 (80%),9/12 (75%),20/28 (71%),19/35 (54%),4/10 (40%),6/12 (50%),6,6,0/1 (0%),3/5 (60%),24,25,22,14,5,4,4,3,16/35 (45%),8/28 (28%),6/12 (50%),6/10 (60%),6,6,2,1,0,0,5,3,1,2,23/38 (61%),26/41 (63%),14/15 (93%),13/15 (87%),17/23 (74%),17/26 (65%),8/15 (53%),8/15 (53%),6,6,4/5 (80%),0/1 (0%),25,25,16,13,6,4,3,3,9/26 (34%),6/23 (26%),7/15 (46%),7/15 (46%),6,6,1,1,0,1,1,0,0,0,16/24 (67%),27/38 (71%),8/8 (100%),11/11 (100%),9/16 (56%),17/27 (63%),2/8 (25%),6/11 (55%),3,4,11,23,15,13,3,5,10/27 (37%),7/16 (43%),5/11 (45%),6/8 (75%),4,3,0,2,0,0,1/3 (33%),7/7 (100%),1,5
15992701,ATP,"Barcelona, Spain, Qualifying",2026-04-13,Qualification Final,Red clay,Sebastian Ofner,Patrick Kypson,2,0,20260413,7,2,0,1,45/70 (64%),41/57 (72%),25/25 (100%),15/16 (94%),30/45 (67%),25/41 (61%),15/25 (60%),9/16 (56%),10,10,4/5 (80%),0/3 (0%),68,59,45,34,23,25,8,5,12,8,9,7,3,2,16/41 (39%),15/45 (33%),7/16 (43%),10/25 (40%),10,10,3,1,0,0,4,2,0,1,27/39 (69%),21/31 (68%),12/12 (100%),9/10 (90%),15/27 (56%),10/21 (48%),8/12 (67%),6/10 (60%),5,5,2/3 (66%),0/2 (0%),23,16,15,16,8,5,3,2,11/21 (52%),12/27 (44%),4/10 (40%),4/12 (33%),5,5,2,1,0,0,3,0,0,0,16/31 (52%),19/26 (73%),15/15 (100%),7/7 (100%),13/16 (81%),14/19 (74%),9/15 (60%),4/7 (57%),5,5,2/2 (100%),0/1 (0%),22,18,8,9,6,4,2,1,5/19 (26%),3/16 (18%),3/7 (42%),6/15 (40%),5,5,1,0,0,0,,,,,,,,,,,,,,,,,,,,,,,,,,,,,,,,,,
15993015,ATP,"Barcelona, Spain, Qualifying",2026-04-13,Qualification Final,Red clay,Hamad Medjedović,Quentin Halys,2,1,20260413,9,12,2,0,62/82 (76%),58/96 (60%),18/20 (90%),38/38 (100%),47/62 (76%),43/58 (74%),15/20 (75%),23/38 (61%),14,15,1/2 (50%),4/6 (66%),92,86,62,66,30,20,8,6,16,14,13,13,5,3,15/58 (25%),15/62 (24%),15/38 (39%),5/20 (25%),15,14,2,1,1,0,3,4,0,0,15/18 (83%),16/23 (70%),3/3 (100%),7/7 (100%),14/15 (93%),9/16 (56%),2/3 (67%),3/7 (43%),4,4,0/0 (0%),1/3 (33%),16,12,11,2,8,4,5,1,7/16 (43%),1/15 (6%),4/7 (57%),1/3 (33%),4,4,2,0,0,0,0,4,1,0,16/22 (73%),20/29 (69%),5/6 (83%),9/9 (100%),10/16 (63%),17/20 (85%),4/6 (67%),5/9 (56%),4,5,0/1 (0%),1/1 (100%),14,22,7,8,4,6,1,3,3/20 (15%),6/16 (37%),4/9 (44%),2/6 (33%),5,4,0,1,0,0,6,4,1,0,31/42 (74%),20/44 (45%),10/11 (91%),24/24 (100%),23/31 (74%),16/20 (80%),9/11 (82%),16/24 (67%),6,6,32,32,12,10,7,5,4/20 (20%),8/31 (25%),8/24 (33%),2/11 (18%),6,6,0,0,1,0,2/2 (100%),4/4 (100%),1,1
15993042,WTA,"Stuttgart, Germany, Qualifying",2026-04-13,Qualification Final,Red clay indoor,Gabriela Knutson,Vera Zvonareva,2,0,20260413,1,6,4,3,40/71 (56%),39/58 (67%),27/31 (87%),16/19 (84%),20/40 (50%),26/39 (67%),14/31 (45%),11/19 (58%),9,9,7/12 (58%),2/4 (50%),55,74,34,37,21,37,4,6,6,12,4,7,3,4,13/39 (33%),20/40 (50%),8/19 (42%),17/31 (54%),9,9,2,5,0,0,1,2,4,2,41/48 (85%),29/29 (100%),7/11 (64%),0/2 (0%),19/41 (46%),18/29 (62%),4/7 (57%),0/0 (0%),5,4,7/10 (70%),2/3 (66%),23,18,11,25,4,5,3,4,11/29 (37%),22/41 (53%),0/0 (0%),3/7 (42%),4,5,1,3,0,0,0,4,0,1,20/23 (87%),26/29 (90%),3/3 (100%),3/4 (75%),10/20 (50%),16/26 (62%),1/3 (33%),3/3 (100%),4,5,0/2 (0%),0/1 (0%),11,19,10,12,3,6,2,3,10/26 (38%),10/20 (50%),0/3 (0%),2/3 (66%),5,4,1,2,0,0,,,,,,,,,,,,,,,,,,,,,,,,,,,,,,,,,,
15992723,WTA,"Stuttgart, Germany, Qualifying",2026-04-13,Qualification Final,Red clay indoor,Zeynep Sönmez,Anna-Lena Friedsam,2,0,20260413,0,3,0,2,47/47 (100%),60/62 (97%),0/0 (0%),0/2 (0%),30/47 (64%),26/60 (43%),0/0 (0%),0/2 (0%),8,8,0/2 (0%),5/11 (45%),64,43,30,26,34,17,7,5,12,4,6,2,8,2,34/60 (56%),17/47 (36%),2/2 (100%),0/0 (0%),8,8,6,2,0,0,0,0,0,2,31/31 (100%),40/40 (100%),0/0 (0%),0/2 (0%),18/31 (58%),19/40 (48%),0/0 (0%),0/0 (0%),5,5,0/2 (0%),3/6 (50%),18,19,21,13,7,5,3,2,21/40 (52%),13/31 (41%),,,5,5,3,2,0,0,0,3,0,0,16/16 (100%),20/20 (100%),0/0 (0%),0/0 (0%),12/16 (75%),7/20 (35%),0/0 (0%),0/0 (0%),3,3,0/0 (0%),2/5 (40%),12,7,13,4,7,2,6,0,13/20 (65%),4/16 (25%),,,3,3,3,0,0,0,,,,,,,,,,,,,,,,,,,,,,,,,,,,,,,,,,
15992683,WTA,"Rouen, France, Qualifying",2026-04-13,Qualification Final,Red clay indoor,Iryna Shymanovich,Ekaterina Kazionova,2,0,20260413,0,0,1,2,28/47 (60%),23/42 (55%),18/19 (95%),17/19 (89%),19/28 (68%),8/23 (35%),11/19 (58%),6/19 (32%),7,7,6/7 (85%),3/9 (33%),58,31,30,14,28,17,12,5,12,2,6,1,7,1,15/23 (65%),9/28 (32%),13/19 (68%),8/19 (42%),7,7,6,1,0,0,0,0,1,1,15/20 (75%),20/25 (80%),4/5 (80%),5/6 (83%),12/15 (80%),8/20 (40%),1/5 (20%),1/5 (20%),3,3,1/1 (100%),3/6 (50%),13,9,16,7,3,2,6,0,12/20 (60%),3/15 (20%),4/5 (80%),4/5 (80%),3,3,3,0,0,0,0,0,0,1,18/27 (67%),8/17 (47%),9/9 (100%),8/9 (89%),11/18 (61%),3/8 (38%),6/9 (67%),2/9 (22%),4,4,5/6 (83%),0/3 (0%),17,5,12,10,12,5,4,1,5/8 (62%),7/18 (38%),7/9 (77%),3/9 (33%),4,4,3,1,0,0,,,,,,,,,,,,,,,,,,,,,,,,,,,,,,,,,,
15992540,WTA,"Rouen, France, Qualifying",2026-04-13,Qualification Final,Red clay indoor,Xinyu Wang,Harmony Tan,2,1,20260413,3,4,2,3,52/73 (71%),43/85 (51%),19/21 (90%),39/42 (93%),34/52 (65%),30/43 (70%),12/21 (57%),19/42 (45%),12,12,6/8 (75%),5/9 (55%),82,76,46,49,36,27,6,7,14,10,10,8,7,3,13/43 (30%),18/52 (34%),23/42 (54%),9/21 (42%),12,12,4,2,0,0,1,1,1,1,19/32 (59%),19/33 (58%),12/13 (92%),13/14 (93%),8/19 (42%),13/19 (68%),8/13 (62%),8/14 (57%),4,4,4/6 (66%),3/3 (100%),16,21,12,16,3,7,1,3,6/19 (31%),11/19 (57%),6/14 (42%),5/13 (38%),4,4,0,2,0,0,1,3,0,2,12/17 (71%),11/26 (42%),5/5 (100%),13/15 (87%),11/12 (92%),6/11 (55%),2/5 (40%),6/15 (40%),3,4,1/1 (100%),1/4 (25%),13,12,14,4,5,4,6,1,5/11 (45%),1/12 (8%),9/15 (60%),3/5 (60%),4,3,3,0,0,0,1,0,1,0,23/29 (79%),13/26 (50%),5/6 (83%),13/13 (100%),16/23 (70%),11/13 (85%),5/6 (83%),5/13 (38%),5,4,21,16,10,8,6,4,2/13 (15%),7/23 (30%),8/13 (61%),1/6 (16%),4,5,1,0,0,0,1/1 (100%),1/2 (50%),3,1
15993024,WTA,"Rouen, France, Qualifying",2026-04-13,Qualification Final,Red clay indoor,Veronika Podrez,Dominika Salkova,2,0,20260413,2,2,2,2,35/50 (70%),29/39 (74%),13/15 (87%),8/10 (80%),17/35 (49%),25/29 (86%),7/15 (47%),5/10 (50%),8,8,6/11 (54%),0/1 (0%),33,56,24,30,9,26,7,10,4,12,3,7,3,8,4/29 (13%),18/35 (51%),5/10 (50%),8/15 (53%),8,8,1,5,0,0,0,1,2,0,12/21 (57%),11/12 (92%),7/9 (78%),1/1 (100%),4/12 (33%),11/11 (100%),3/9 (33%),1/1 (100%),3,3,3/6 (50%),0/0 (0%),7,12,0,14,3,10,0,6,0/11 (0%),8/12 (66%),0/1 (0%),6/9 (66%),3,3,0,3,0,0,2,1,0,2,25/29 (86%),24/27 (89%),4/4 (100%),2/4 (50%),15/25 (60%),16/24 (67%),2/4 (50%),1/3 (33%),5,5,3/5 (60%),0/1 (0%),17,17,10,12,7,5,3,3,8/24 (33%),10/25 (40%),2/3 (66%),2/4 (50%),5,5,1,2,0,0,,,,,,,,,,,,,,,,,,,,,,,,,,,,,,,,,,
15993174,WTA,"Rouen, France, Qualifying",2026-04-13,Qualification Final,Red clay indoor,Elvina Kalieva,Julie Belgraver,2,0,20260413,3,3,3,3,27/45 (60%),38/62 (61%),15/18 (83%),21/24 (88%),16/27 (59%),19/38 (50%),10/18 (56%),7/24 (29%),9,9,0/3 (0%),3/9 (33%),62,45,26,26,36,19,14,6,12,6,6,3,4,3,19/38 (50%),11/27 (40%),17/24 (70%),8/18 (44%),9,9,6,3,0,0,2,1,1,2,16/23 (70%),21/33 (64%),6/7 (86%),10/12 (83%),9/16 (56%),10/21 (48%),4/7 (57%),3/12 (25%),5,5,0/2 (0%),2/5 (40%),13,13,20,10,14,6,4,3,11/21 (52%),7/16 (43%),9/12 (75%),3/7 (42%),5,5,3,2,0,0,1,2,2,1,10/22 (45%),17/29 (59%),10/12 (83%),11/12 (92%),6/10 (60%),9/17 (53%),7/12 (58%),4/12 (33%),4,4,0/1 (0%),1/4 (25%),13,13,16,9,5,4,3,1,8/17 (47%),4/10 (40%),8/12 (66%),5/12 (41%),4,4,3,1,0,0,,,,,,,,,,,,,,,,,,,,,,,,,,,,,,,,,,
15993419,WTA,"Oeiras 3, Portugal, Qualifying",2026-04-13,Qualification Round 1,Red clay,Ekaterine Gorgodze,Angelina Voloshchuk,2,0,20260413,0,0,1,6,44/56 (79%),34/52 (65%),11/12 (92%),12/18 (67%),26/44 (59%),17/34 (50%),9/12 (75%),7/18 (39%),9,9,1/3 (33%),3/8 (37%),63,45,35,24,28,21,6,5,12,6,7,4,3,3,17/34 (50%),18/44 (40%),11/18 (61%),3/12 (25%),9,9,5,2,0,0,0,0,0,3,26/31 (84%),15/21 (71%),5/5 (100%),4/7 (57%),14/26 (54%),6/15 (40%),4/5 (80%),1/6 (17%),4,4,1/2 (50%),1/4 (25%),18,7,14,13,6,3,3,2,9/15 (60%),12/26 (46%),5/6 (83%),1/5 (20%),4,4,3,1,0,0,0,0,1,2,23/27 (85%),21/31 (68%),3/4 (75%),8/10 (80%),17/23 (74%),12/21 (57%),2/4 (50%),5/10 (50%),5,5,0/1 (0%),2/4 (50%),19,17,14,8,6,5,3,3,9/21 (42%),6/23 (26%),5/10 (50%),2/4 (50%),5,5,2,1,0,0,,,,,,,,,,,,,,,,,,,,,,,,,,,,,,,,,,
15993608,WTA,"Oeiras 3, Portugal, Qualifying",2026-04-13,Qualification Round 1,Red clay,Jil Teichmann,Amarissa Kiara Toth,2,0,20260413,0,0,1,1,31/46 (67%),36/55 (65%),14/15 (93%),18/19 (95%),19/31 (61%),14/36 (39%),9/15 (60%),9/19 (47%),9,9,2/5 (40%),3/9 (33%),60,41,28,23,32,18,7,3,12,6,6,3,6,3,22/36 (61%),12/31 (38%),10/19 (52%),6/15 (40%),9,9,6,3,0,0,0,0,1,0,19/23 (83%),16/25 (64%),3/4 (75%),9/9 (100%),10/19 (53%),3/16 (19%),2/4 (50%),4/9 (44%),4,4,1/3 (33%),3/7 (42%),12,7,18,11,6,3,4,1,13/16 (81%),9/19 (47%),5/9 (55%),2/4 (50%),4,4,4,2,0,0,0,0,0,1,19/25 (76%),18/30 (60%),6/6 (100%),11/12 (92%),15/19 (79%),9/18 (50%),3/6 (50%),7/12 (58%),5,5,1/2 (50%),0/2 (0%),18,16,14,7,7,3,3,3,9/18 (50%),4/19 (21%),5/12 (41%),3/6 (50%),5,5,2,1,0,0,,,,,,,,,,,,,,,,,,,,,,,,,,,,,,,,,,
15993578,WTA,"Oeiras 3, Portugal, Qualifying",2026-04-13,Qualification Round 1,Red clay,Elena Ruxandra Bertea,Alisa Oktiabreva,2,1,20260413,3,0,1,9,70/108 (65%),71/110 (65%),37/38 (97%),30/39 (77%),40/70 (57%),42/71 (59%),16/38 (42%),19/39 (49%),15,15,3/9 (33%),3/8 (37%),105,113,56,61,49,52,8,8,15,16,9,10,2,6,29/71 (40%),30/70 (42%),20/39 (51%),22/38 (57%),15,15,5,6,1,0,0,0,0,5,36/54 (67%),41/56 (73%),18/18 (100%),10/15 (67%),19/36 (53%),23/41 (56%),10/18 (56%),6/15 (40%),6,6,3/5 (60%),2/4 (50%),29,29,27,25,6,4,2,3,18/41 (43%),17/36 (47%),9/15 (60%),8/18 (44%),6,6,2,2,1,0,0,0,0,2,17/23 (74%),14/26 (54%),6/6 (100%),11/13 (85%),8/17 (47%),10/14 (71%),2/6 (33%),9/12 (75%),4,4,0/2 (0%),1/1 (100%),10,19,7,13,3,8,1,5,4/14 (28%),9/17 (52%),3/12 (25%),4/6 (66%),4,4,0,2,0,0,3,0,1,2,24/31 (77%),23/28 (82%),6/7 (86%),3/5 (60%),14/24 (58%),12/23 (52%),3/7 (43%),1/5 (20%),5,5,17,13,15,14,8,5,11/23 (47%),10/24 (41%),4/5 (80%),4/7 (57%),5,5,3,2,0,0,0/2 (0%),0/3 (0%),2,2
15993609,WTA,"Oeiras 3, Portugal, Qualifying",2026-04-13,Qualification Round 1,Red clay,Gabriela Lee,Barbora Palicova,2,1,20260413,1,0,5,3,39/62 (63%),73/103 (71%),18/23 (78%),27/30 (90%),27/39 (69%),41/73 (56%),8/23 (35%),15/30 (50%),11,12,5/9 (55%),10/14 (71%),82,83,35,56,47,27,5,6,11,12,7,8,6,3,32/73 (43%),12/39 (30%),15/30 (50%),15/23 (65%),12,11,4,4,0,0,0,0,5,2,18/28 (64%),21/29 (72%),5/10 (50%),6/8 (75%),11/18 (61%),12/21 (57%),0/10 (0%),5/8 (63%),4,4,5/8 (62%),3/4 (75%),11,17,12,17,4,5,1,3,9/21 (42%),7/18 (38%),3/8 (37%),10/10 (100%),4,4,1,3,0,0,1,0,0,1,12/15 (80%),23/27 (85%),3/3 (100%),3/4 (75%),9/12 (75%),9/23 (39%),3/3 (100%),1/4 (25%),3,3,0/0 (0%),4/7 (57%),12,10,17,3,5,3,6,0,14/23 (60%),3/12 (25%),3/4 (75%),0/3 (0%),3,3,3,0,0,0,0,0,0,0,13/19 (68%),40/47 (85%),6/6 (100%),7/7 (100%),7/13 (54%),24/40 (60%),5/6 (83%),5/7 (71%),4,5,12,29,18,7,5,6,16/40 (40%),6/13 (46%),2/7 (28%),1/6 (16%),5,4,0,1,0,0,0/1 (0%),3/3 (100%),1,3
15993577,WTA,"Oeiras 3, Portugal, Qualifying",2026-04-13,Qualification Round 1,Red clay,Tessa Johanna Brockmann,Analu Freitas,2,0,20260413,1,2,3,0,29/35 (83%),26/40 (65%),3/6 (50%),14/14 (100%),8/29 (28%),17/26 (65%),1/6 (17%),11/14 (79%),6,6,2/8 (25%),4/4 (100%),21,53,9,28,12,25,3,10,0,12,0,6,0,12,9/26 (34%),21/29 (72%),3/14 (21%),5/6 (83%),6,6,0,6,0,0,1,1,3,0,11/15 (73%),9/19 (47%),2/5 (40%),10/10 (100%),3/11 (27%),6/9 (67%),0/4 (0%),8/10 (80%),3,3,2/5 (40%),1/1 (100%),3,14,5,12,2,10,0,6,3/9 (33%),8/11 (72%),2/10 (20%),4/4 (100%),3,3,0,3,0,0,0,1,0,0,18/19 (95%),17/21 (81%),1/1 (100%),4/4 (100%),5/18 (28%),11/17 (65%),1/1 (100%),3/4 (75%),3,3,0/3 (0%),3/3 (100%),6,14,7,13,3,5,0,6,6/17 (35%),13/18 (72%),1/4 (25%),0/1 (0%),3,3,0,3,0,0,,,,,,,,,,,,,,,,,,,,,,,,,,,,,,,,,,
