event_id,circuito,tourney_name,tourney_date,round,surface,winner_id,winner_name,loser_id,loser_name,winner_sets,loser_sets,scrape_date,ALL_aces_home,ALL_aces_away,ALL_double_faults_home,ALL_double_faults_away,ALL_first_serve_home,ALL_first_serve_away,ALL_second_serve_home,ALL_second_serve_away,ALL_first_serve_points_home,ALL_first_serve_points_away,ALL_second_serve_points_home,ALL_second_serve_points_away,ALL_service_games_played_home,ALL_service_games_played_away,ALL_break_points_saved_home,ALL_break_points_saved_away,ALL_total_home,ALL_total_away,ALL_service_points_won_home,ALL_service_points_won_away,ALL_receiver_points_won_home,ALL_receiver_points_won_away,ALL_max_points_in_a_row_home,ALL_max_points_in_a_row_away,ALL_total_won_home,ALL_total_won_away,ALL_service_games_won_home,ALL_service_games_won_away,ALL_max_games_in_a_row_home,ALL_max_games_in_a_row_away,ALL_first_serve_return_points_home,ALL_first_serve_return_points_away,ALL_second_serve_return_points_home,ALL_second_serve_return_points_away,ALL_return_games_played_home,ALL_return_games_played_away,ALL_break_points_converted_home,ALL_break_points_converted_away,ALL_tiebreaks_home,ALL_tiebreaks_away,1ST_aces_home,1ST_aces_away,1ST_double_faults_home,1ST_double_faults_away,1ST_first_serve_home,1ST_first_serve_away,1ST_second_serve_home,1ST_second_serve_away,1ST_first_serve_points_home,1ST_first_serve_points_away,1ST_second_serve_points_home,1ST_second_serve_points_away,1ST_service_games_played_home,1ST_service_games_played_away,1ST_break_points_saved_home,1ST_break_points_saved_away,1ST_service_points_won_home,1ST_service_points_won_away,1ST_receiver_points_won_home,1ST_receiver_points_won_away,1ST_max_points_in_a_row_home,1ST_max_points_in_a_row_away,1ST_max_games_in_a_row_home,1ST_max_games_in_a_row_away,1ST_first_serve_return_points_home,1ST_first_serve_return_points_away,1ST_second_serve_return_points_home,1ST_second_serve_return_points_away,1ST_return_games_played_home,1ST_return_games_played_away,1ST_break_points_converted_home,1ST_break_points_converted_away,1ST_tiebreaks_home,1ST_tiebreaks_away,2ND_aces_home,2ND_aces_away,2ND_double_faults_home,2ND_double_faults_away,2ND_first_serve_home,2ND_first_serve_away,2ND_second_serve_home,2ND_second_serve_away,2ND_first_serve_points_home,2ND_first_serve_points_away,2ND_second_serve_points_home,2ND_second_serve_points_away,2ND_service_games_played_home,2ND_service_games_played_away,2ND_break_points_saved_home,2ND_break_points_saved_away,2ND_service_points_won_home,2ND_service_points_won_away,2ND_receiver_points_won_home,2ND_receiver_points_won_away,2ND_max_points_in_a_row_home,2ND_max_points_in_a_row_away,2ND_max_games_in_a_row_home,2ND_max_games_in_a_row_away,2ND_first_serve_return_points_home,2ND_first_serve_return_points_away,2ND_second_serve_return_points_home,2ND_second_serve_return_points_away,2ND_return_games_played_home,2ND_return_games_played_away,2ND_break_points_converted_home,2ND_break_points_converted_away,2ND_tiebreaks_home,2ND_tiebreaks_away,3RD_aces_home,3RD_aces_away,3RD_double_faults_home,3RD_double_faults_away,3RD_first_serve_home,3RD_first_serve_away,3RD_second_serve_home,3RD_second_serve_away,3RD_first_serve_points_home,3RD_first_serve_points_away,3RD_second_serve_points_home,3RD_second_serve_points_away,3RD_service_games_played_home,3RD_service_games_played_away,3RD_break_points_saved_home,3RD_break_points_saved_away,3RD_service_points_won_home,3RD_service_points_won_away,3RD_receiver_points_won_home,3RD_receiver_points_won_away,3RD_max_points_in_a_row_home,3RD_max_points_in_a_row_away,3RD_max_games_in_a_row_home,3RD_max_games_in_a_row_away,3RD_first_serve_return_points_home,3RD_first_serve_return_points_away,3RD_second_serve_return_points_home,3RD_second_serve_return_points_away,3RD_return_games_played_home,3RD_return_games_played_away,3RD_break_points_converted_home,3RD_break_points_converted_away,3RD_tiebreaks_home,3RD_tiebreaks_away
13024737,ATP,"Paris, France",2024-11-01,Round of 16,Hardcourt indoor,87690,Jordan Thompson,15894,Adrian Mannarino,2,0,20260422,7,4,1,4,41/72 (57%),56/88 (64%),30/31 (97%),28/32 (88%),34/41 (83%),39/56 (70%),15/31 (48%),12/32 (38%),12,12,3/5 (60%),2/4 (50%),87,74,49,51,38,23,6,5,14,11,13,10,4,3,17/56 (30%),7/41 (17%),20/32 (62%),16/31 (51%),12,12,2,2,1,0,3,1,0,1,14/28 (50%),22/35 (63%),14/14 (100%),12/13 (92%),12/14 (86%),13/22 (59%),8/14 (57%),6/13 (46%),6,6,0/1 (0%),1/3 (33%),20,19,16,8,5,5,3,3,9/22 (40%),2/14 (14%),7/13 (53%),6/14 (42%),6,6,2,1,0,0,4,3,1,3,25/44 (57%),33/54 (61%),18/19 (95%),18/21 (86%),21/25 (84%),25/33 (76%),8/19 (42%),7/21 (33%),6,6,4/5 (80%),1/2 (50%),29,32,22,15,6,5,2,2,8/33 (24%),4/25 (16%),14/21 (66%),11/19 (57%),6,6,1,1,1,0,,,,,,,,,,,,,,,,,,,,,,,,,,,,,,,,,,
13024743,ATP,"Paris, France",2024-11-01,Round of 16,Hardcourt indoor,122366,Stefanos Tsitsipas,221012,Francisco Cerundolo,2,1,20260422,9,3,3,2,58/90 (64%),57/101 (56%),29/32 (91%),42/44 (95%),49/58 (84%),40/57 (70%),16/32 (50%),24/44 (55%),15,15,3/3 (100%),8/11 (72%),102,90,65,64,37,26,8,7,18,13,14,12,5,3,17/57 (29%),9/58 (15%),20/44 (45%),16/32 (50%),15,15,3,0,0,1,6,0,2,0,28/44 (64%),24/37 (65%),14/16 (88%),13/13 (100%),22/28 (79%),18/24 (75%),7/16 (44%),10/13 (77%),6,6,3/3 (100%),0/0 (0%),29,28,9,15,4,6,1,2,6/24 (25%),6/28 (21%),3/13 (23%),9/16 (56%),6,6,0,0,0,1,2,2,0,1,19/27 (70%),22/41 (54%),8/8 (100%),18/19 (95%),16/19 (84%),15/22 (68%),4/8 (50%),9/19 (47%),5,5,0/0 (0%),6/7 (85%),20,24,17,7,5,6,3,1,7/22 (31%),3/19 (15%),10/19 (52%),4/8 (50%),5,5,1,0,0,0,1,1,1,1,11/21 (52%),9/23 (39%),9/10 (90%),13/14 (93%),11/11 (100%),7/9 (78%),6/10 (60%),5/14 (36%),4,4,0/0 (0%),2/4 (50%),17,12,11,4,8,4,5,1,2/9 (22%),0/11 (0%),9/14 (64%),4/10 (40%),4,4,2,0,0,0
13024745,ATP,"Paris, France",2024-11-01,Round of 16,Hardcourt indoor,90080,Karen Khachanov,128552,Alexei Popyrin,2,0,20260422,10,10,2,2,53/68 (78%),54/89 (61%),13/15 (87%),33/35 (94%),38/53 (72%),40/54 (74%),10/15 (67%),14/35 (40%),11,11,3/5 (60%),7/10 (70%),83,73,48,54,35,19,5,6,13,10,8,8,3,4,14/54 (25%),15/53 (28%),21/35 (60%),5/15 (33%),11,11,3,2,1,0,7,5,1,1,36/45 (80%),35/52 (67%),9/10 (90%),16/17 (94%),22/36 (61%),26/35 (74%),7/9 (78%),5/17 (29%),6,6,3/5 (60%),4/6 (66%),29,31,21,16,5,6,3,2,9/35 (25%),14/36 (38%),12/17 (70%),2/9 (22%),6,6,2,2,1,0,3,5,1,1,17/23 (74%),19/37 (51%),5/6 (83%),17/18 (94%),16/17 (94%),14/19 (74%),4/6 (67%),9/18 (50%),5,5,0/0 (0%),4/5 (80%),20,23,14,3,5,4,3,1,5/19 (26%),1/17 (5%),9/18 (50%),2/6 (33%),5,5,1,0,0,0,,,,,,,,,,,,,,,,,,,,,,,,,,,,,,,,,,
13024749,ATP,"Paris, France",2024-11-01,Round of 16,Hardcourt indoor,57163,Alexander Zverev,338500,Arthur Fils,2,1,20260422,16,9,2,6,61/85 (72%),52/89 (58%),22/24 (92%),31/37 (84%),44/61 (72%),45/52 (87%),14/24 (58%),13/37 (35%),14,14,3/4 (75%),3/5 (60%),88,85,58,58,30,27,5,7,15,13,12,11,3,4,7/52 (13%),17/61 (27%),24/37 (64%),10/24 (41%),14,14,2,1,0,0,7,4,0,2,24/36 (67%),16/28 (57%),12/12 (100%),11/13 (85%),18/24 (75%),14/16 (88%),6/12 (50%),5/12 (42%),5,5,1/1 (100%),1/2 (50%),24,19,9,12,5,4,3,1,2/16 (12%),6/24 (25%),7/12 (58%),6/12 (50%),5,5,1,0,0,0,5,3,1,2,15/20 (75%),23/40 (58%),4/5 (80%),15/17 (88%),10/15 (67%),20/23 (87%),2/5 (40%),6/17 (35%),4,5,0/1 (0%),3/3 (100%),12,26,14,8,4,7,1,3,3/23 (13%),5/15 (33%),11/17 (64%),3/5 (60%),5,4,0,1,0,0,4,2,1,2,22/30 (73%),14/21 (67%),7/8 (88%),5/7 (71%),17/22 (77%),12/14 (86%),6/8 (75%),2/7 (29%),5,4,3/3 (100%),0/1 (0%),23,14,7,7,5,4,3,1,2/14 (14%),5/22 (22%),5/7 (71%),2/8 (25%),4,5,1,0,0,0
13024750,ATP,"Paris, France",2024-11-01,Round of 16,Hardcourt indoor,201239,Alex de Minaur,258749,Jack Draper,2,1,20260422,4,10,1,5,38/77 (49%),46/85 (54%),38/39 (97%),34/39 (87%),30/38 (79%),31/46 (67%),19/39 (49%),15/39 (38%),14,15,1/4 (25%),3/9 (33%),88,75,49,46,39,29,7,14,17,12,12,9,5,3,15/46 (32%),8/38 (21%),24/39 (61%),20/39 (51%),15,14,6,3,0,0,0,4,1,2,13/32 (41%),16/32 (50%),18/19 (95%),14/16 (88%),8/13 (62%),13/16 (81%),10/19 (53%),9/16 (56%),6,6,0/2 (0%),0/1 (0%),18,22,10,14,6,14,3,3,3/16 (18%),5/13 (38%),7/16 (43%),9/19 (47%),6,6,1,2,0,0,2,4,0,0,13/23 (57%),13/22 (59%),10/10 (100%),9/9 (100%),12/13 (92%),8/13 (62%),5/10 (50%),3/9 (33%),4,4,1/1 (100%),3/5 (60%),17,11,11,6,7,4,3,1,5/13 (38%),1/13 (7%),6/9 (66%),5/10 (50%),4,4,2,0,0,0,2,2,0,3,13/24 (54%),17/31 (55%),11/11 (100%),11/14 (79%),10/13 (77%),10/17 (59%),5/11 (45%),3/14 (21%),4,5,0/1 (0%),0/3 (0%),15,13,18,9,5,4,2,2,7/17 (41%),3/13 (23%),11/14 (78%),6/11 (54%),5,4,3,1,0,0
13024738,ATP,"Paris, France",2024-11-01,Round of 16,Hardcourt indoor,185388,Ugo Humbert,275923,Carlos Alcaraz,2,1,20260422,8,7,3,5,55/95 (58%),47/74 (64%),37/40 (93%),22/27 (81%),39/55 (71%),39/47 (83%),24/40 (60%),10/27 (37%),14,14,3/4 (75%),3/6 (50%),88,81,63,49,25,32,6,5,16,12,13,11,5,3,8/47 (17%),16/55 (29%),17/27 (62%),16/40 (40%),14,14,3,1,0,0,1,0,1,0,14/22 (64%),12/17 (71%),7/8 (88%),5/5 (100%),13/14 (93%),8/12 (67%),3/8 (38%),0/5 (0%),4,3,0/0 (0%),2/4 (50%),16,8,9,6,5,5,5,1,4/12 (33%),1/14 (7%),5/5 (100%),5/8 (62%),3,4,2,0,0,0,3,3,1,2,22/36 (61%),13/27 (48%),13/14 (93%),12/14 (86%),14/22 (64%),12/13 (92%),7/14 (50%),8/14 (57%),4,5,3/4 (75%),0/0 (0%),21,20,7,15,4,4,1,3,1/13 (7%),8/22 (36%),6/14 (42%),7/14 (50%),5,4,0,1,0,0,4,4,1,3,19/38 (50%),22/31 (71%),18/19 (95%),6/9 (67%),13/19 (68%),19/22 (86%),14/19 (74%),3/9 (33%),6,6,0/0 (0%),1/2 (50%),27,22,9,11,5,5,2,1,3/22 (13%),6/19 (31%),6/9 (66%),5/19 (26%),6,6,1,0,0,0
13024721,ATP,"Paris, France",2024-11-01,Round of 16,Hardcourt indoor,283070,Holger Rune,287803,Arthur Cazaux,2,1,20260422,9,14,1,5,54/82 (66%),54/83 (65%),27/28 (96%),24/29 (83%),37/54 (69%),39/54 (72%),15/28 (54%),16/29 (55%),14,14,3/6 (50%),2/4 (50%),80,85,52,55,28,30,7,11,13,15,11,12,3,4,15/54 (27%),17/54 (31%),13/29 (44%),13/28 (46%),14,14,2,3,0,0,3,3,0,3,23/31 (74%),10/20 (50%),8/8 (100%),7/10 (70%),18/23 (78%),7/10 (70%),5/8 (63%),5/10 (50%),5,4,0/0 (0%),0/1 (0%),23,12,8,8,7,6,3,1,3/10 (30%),5/23 (21%),5/10 (50%),3/8 (37%),4,5,1,0,0,0,1,7,0,1,15/22 (68%),19/27 (70%),7/7 (100%),7/8 (88%),8/15 (53%),16/19 (84%),6/7 (86%),5/8 (63%),4,5,2/3 (66%),0/0 (0%),14,21,6,8,4,5,1,3,3/19 (15%),7/15 (46%),3/8 (37%),1/7 (14%),5,4,0,1,0,0,5,4,1,1,16/30 (53%),26/37 (70%),13/14 (93%),10/11 (91%),11/16 (69%),17/26 (65%),5/14 (36%),6/11 (55%),5,5,0/2 (0%),2/3 (66%),16,23,14,14,6,11,2,4,9/26 (34%),5/16 (31%),5/11 (45%),9/14 (64%),5,5,1,2,0,0
13024748,ATP,"Paris, France",2024-11-01,Round of 16,Hardcourt indoor,23581,Grigor Dimitrov,63606,Arthur Rinderknech,2,1,20260422,17,13,1,0,51/79 (65%),61/91 (67%),27/28 (96%),30/30 (100%),47/51 (92%),45/61 (74%),18/28 (64%),19/30 (63%),15,15,0/1 (0%),2/4 (50%),93,78,65,64,28,14,7,8,17,14,14,13,5,3,16/61 (26%),4/51 (7%),11/30 (36%),10/28 (35%),15,15,2,1,1,0,5,3,0,0,13/20 (65%),15/25 (60%),7/7 (100%),10/10 (100%),12/13 (92%),10/15 (67%),5/7 (71%),4/10 (40%),4,4,0/0 (0%),1/3 (33%),17,14,11,3,7,5,4,1,5/15 (33%),1/13 (7%),6/10 (60%),2/7 (28%),4,4,2,0,0,0,6,3,0,0,16/25 (64%),25/31 (81%),9/9 (100%),6/6 (100%),14/16 (88%),18/25 (72%),5/9 (56%),4/6 (67%),5,5,0/1 (0%),1/1 (100%),19,22,9,6,4,8,1,3,7/25 (28%),2/16 (12%),2/6 (33%),4/9 (44%),5,5,0,1,0,0,6,7,1,0,22/34 (65%),22/37 (59%),11/12 (92%),15/15 (100%),21/22 (95%),18/22 (82%),8/12 (67%),11/15 (73%),6,6,,,29,29,8,5,5,4,1,1,4/22 (18%),1/22 (4%),4/15 (26%),4/12 (33%),6,6,0,0,1,0
13024740,ATP,"Paris, France",2024-11-01,Quarterfinals,Hardcourt indoor,57163,Alexander Zverev,122366,Stefanos Tsitsipas,2,0,20260422,9,3,2,2,42/60 (70%),37/70 (53%),16/18 (89%),31/33 (94%),33/42 (79%),26/37 (70%),13/18 (72%),20/33 (61%),11,11,1/1 (100%),6/8 (75%),70,60,46,46,24,14,4,4,13,9,11,9,3,2,11/37 (29%),9/42 (21%),13/33 (39%),5/18 (27%),11,11,2,0,0,0,3,1,1,2,28/39 (72%),15/36 (42%),10/11 (91%),19/21 (90%),20/28 (71%),12/15 (80%),7/11 (64%),12/21 (57%),6,6,1/1 (100%),1/2 (50%),27,24,12,12,4,4,3,1,3/15 (20%),8/28 (28%),9/21 (42%),4/11 (36%),6,6,1,0,0,0,6,2,1,0,15/22 (68%),21/34 (62%),6/7 (86%),13/13 (100%),14/15 (93%),13/21 (62%),6/7 (86%),9/13 (69%),5,5,0/0 (0%),4/5 (80%),20,22,12,2,4,4,3,1,8/21 (38%),1/15 (6%),4/13 (30%),1/7 (14%),5,5,1,0,0,0,,,,,,,,,,,,,,,,,,,,,,,,,,,,,,,,,,
13024733,ATP,"Paris, France",2024-11-01,Quarterfinals,Hardcourt indoor,283070,Holger Rune,201239,Alex de Minaur,2,1,20260422,5,5,1,5,57/85 (67%),45/95 (47%),27/28 (96%),45/50 (90%),45/57 (79%),34/45 (76%),15/28 (54%),27/50 (54%),16,16,2/4 (50%),6/9 (66%),93,87,60,61,33,26,5,7,17,15,14,13,3,3,11/45 (24%),12/57 (21%),23/50 (46%),13/28 (46%),16,16,3,2,0,0,2,1,0,2,22/30 (73%),13/31 (42%),8/8 (100%),16/18 (89%),18/22 (82%),11/13 (85%),4/8 (50%),9/18 (50%),5,5,1/1 (100%),2/3 (66%),22,20,11,8,4,5,3,1,2/13 (15%),4/22 (18%),9/18 (50%),4/8 (50%),5,5,1,0,0,0,2,3,1,1,15/28 (54%),14/26 (54%),12/13 (92%),11/12 (92%),11/15 (73%),12/14 (86%),7/13 (54%),8/12 (67%),5,5,1/2 (50%),0/0 (0%),18,20,6,10,4,7,1,2,2/14 (14%),4/15 (26%),4/12 (33%),6/13 (46%),5,5,0,1,0,0,1,1,0,2,21/29 (72%),17/37 (46%),8/8 (100%),18/20 (90%),17/21 (81%),11/17 (65%),4/8 (50%),10/20 (50%),6,6,0/1 (0%),4/6 (66%),21,21,16,8,5,5,3,2,6/17 (35%),4/21 (19%),10/20 (50%),4/8 (50%),6,6,2,1,0,0
13024735,ATP,"Paris, France",2024-11-01,Quarterfinals,Hardcourt indoor,185388,Ugo Humbert,87690,Jordan Thompson,2,0,20260422,4,8,0,2,35/57 (61%),43/61 (70%),22/22 (100%),16/18 (89%),25/35 (71%),34/43 (79%),10/22 (45%),10/18 (56%),10,10,4/7 (57%),0/1 (0%),52,67,35,44,17,23,4,8,8,13,7,9,2,3,9/43 (20%),10/35 (28%),8/18 (44%),12/22 (54%),10,10,1,3,0,1,2,4,0,0,14/20 (70%),12/19 (63%),6/6 (100%),7/7 (100%),8/14 (57%),11/12 (92%),2/6 (33%),5/7 (71%),4,4,1/3 (33%),0/0 (0%),10,16,3,10,4,8,1,3,1/12 (8%),6/14 (42%),2/7 (28%),4/6 (66%),4,4,0,2,0,0,2,4,0,2,21/38 (55%),31/42 (74%),17/17 (100%),9/11 (82%),17/21 (81%),23/31 (74%),8/17 (47%),5/11 (45%),6,6,3/4 (75%),1/2 (50%),25,28,14,13,4,3,2,2,8/31 (25%),4/21 (19%),6/11 (54%),9/17 (52%),6,6,1,1,0,1,,,,,,,,,,,,,,,,,,,,,,,,,,,,,,,,,,
13024732,ATP,"Paris, France",2024-11-01,Quarterfinals,Hardcourt indoor,90080,Karen Khachanov,23581,Grigor Dimitrov,2,0,20260422,4,6,2,0,27/51 (53%),34/44 (77%),22/24 (92%),10/10 (100%),22/27 (81%),27/34 (79%),5/24 (21%),6/10 (60%),9,8,2/6 (33%),0/0 (0%),38,56,27,33,11,23,4,7,5,12,5,8,1,6,7/34 (20%),5/27 (18%),4/10 (40%),19/24 (79%),8,9,0,4,0,0,2,3,0,0,12/22 (55%),14/20 (70%),10/10 (100%),6/6 (100%),11/12 (92%),11/14 (79%),1/10 (10%),5/6 (83%),4,4,0/2 (0%),0/0 (0%),12,16,4,10,4,7,1,4,3/14 (21%),1/12 (8%),1/6 (16%),9/10 (90%),4,4,0,2,0,0,2,3,2,0,13/28 (46%),20/25 (80%),13/15 (87%),5/5 (100%),11/13 (85%),16/20 (80%),4/15 (27%),2/5 (40%),5,4,2/4 (50%),0/0 (0%),15,18,7,13,4,7,1,4,4/20 (20%),2/13 (15%),3/5 (60%),11/15 (73%),4,5,0,2,0,0,,,,,,,,,,,,,,,,,,,,,,,,,,,,,,,,,,
13022298,WTA,"Merida, Mexico",2024-11-01,Round of 16,Hardcourt outdoor,120666,Nina Stojanovic,319995,Marina Stakusic,2,0,20260422,5,1,3,6,26/53 (49%),32/58 (55%),24/27 (89%),20/26 (77%),17/26 (65%),20/32 (63%),11/27 (41%),5/26 (19%),9,9,0/3 (0%),7/13 (53%),61,50,28,25,33,25,6,5,12,6,6,3,4,2,12/32 (37%),9/26 (34%),21/26 (80%),16/27 (59%),9,9,6,3,0,0,4,1,1,3,13/23 (57%),20/35 (57%),9/10 (90%),12/15 (80%),9/13 (69%),12/20 (60%),4/10 (40%),4/15 (27%),4,5,0/1 (0%),3/6 (50%),13,16,19,10,6,5,4,2,8/20 (40%),4/13 (30%),11/15 (73%),6/10 (60%),5,4,3,1,0,0,1,0,2,3,13/30 (43%),12/23 (52%),15/17 (88%),8/11 (73%),8/13 (62%),8/12 (67%),7/17 (41%),1/11 (9%),5,4,0/2 (0%),4/7 (57%),15,9,14,15,5,4,3,2,4/12 (33%),5/13 (38%),10/11 (90%),10/17 (58%),4,5,3,2,0,0,,,,,,,,,,,,,,,,,,,,,,,,,,,,,,,,,,
13022290,WTA,"Merida, Mexico",2024-11-01,Round of 16,Hardcourt outdoor,293868,Polina Kudermetova,18919,Varvara Lepchenko,2,0,20260422,4,1,0,1,44/65 (68%),44/59 (75%),21/21 (100%),14/15 (93%),24/44 (55%),30/44 (68%),9/21 (43%),6/15 (40%),10,9,6/11 (54%),2/4 (50%),56,68,33,36,23,32,5,9,7,12,5,7,2,4,14/44 (31%),20/44 (45%),9/15 (60%),12/21 (57%),9,10,2,5,0,0,3,1,0,1,23/33 (70%),22/31 (71%),10/10 (100%),8/9 (89%),11/23 (48%),16/22 (73%),4/10 (40%),2/9 (22%),5,4,3/6 (50%),2/3 (66%),15,18,13,18,4,9,1,4,6/22 (27%),12/23 (52%),7/9 (77%),6/10 (60%),4,5,1,3,0,0,1,0,0,0,21/32 (66%),22/28 (79%),11/11 (100%),6/6 (100%),13/21 (62%),14/22 (64%),5/11 (45%),4/6 (67%),5,5,3/5 (60%),0/1 (0%),18,18,10,14,5,4,2,3,8/22 (36%),8/21 (38%),2/6 (33%),6/11 (54%),5,5,1,2,0,0,,,,,,,,,,,,,,,,,,,,,,,,,,,,,,,,,,
13022299,WTA,"Merida, Mexico",2024-11-01,Round of 16,Hardcourt outdoor,237669,Zeynep Sönmez,275530,Elsa Jacquemot,2,0,20260422,2,0,7,8,38/69 (55%),49/77 (64%),24/31 (77%),20/28 (71%),19/38 (50%),27/49 (55%),10/31 (32%),12/28 (43%),10,11,3/9 (33%),3/8 (37%),66,79,29,39,37,40,6,8,9,13,4,6,4,4,22/49 (44%),19/38 (50%),16/28 (57%),21/31 (67%),11,10,5,6,0,1,1,0,7,4,23/44 (52%),24/39 (62%),14/21 (67%),11/15 (73%),11/23 (48%),11/24 (46%),6/21 (29%),6/15 (40%),6,6,3/7 (42%),1/5 (20%),17,17,22,27,5,8,4,3,13/24 (54%),12/23 (52%),9/15 (60%),15/21 (71%),6,6,4,4,0,1,1,0,0,3,15/25 (60%),25/37 (68%),10/10 (100%),9/12 (75%),8/15 (53%),16/25 (64%),4/10 (40%),6/12 (50%),4,5,0/2 (0%),2/3 (66%),12,22,15,13,6,6,1,4,9/25 (36%),7/15 (46%),6/12 (50%),6/10 (60%),5,4,1,2,0,0,,,,,,,,,,,,,,,,,,,,,,,,,,,,,,,,,,
13022296,WTA,"Merida, Mexico",2024-11-01,Round of 16,Hardcourt outdoor,60392,Sara Sorribes Tormo,155890,Lucrezia Stefanini,2,1,20260422,0,0,4,5,100/116 (86%),69/91 (76%),12/16 (75%),17/22 (77%),52/100 (52%),34/69 (49%),5/16 (31%),8/22 (36%),14,13,11/19 (57%),11/19 (57%),106,101,57,42,49,59,8,9,14,13,6,5,7,3,35/69 (50%),48/100 (48%),14/22 (63%),11/16 (68%),13,14,8,8,0,0,0,0,2,3,21/27 (78%),30/40 (75%),4/6 (67%),7/10 (70%),10/21 (48%),14/30 (47%),1/6 (17%),4/10 (40%),5,5,2/6 (33%),6/9 (66%),11,18,22,16,8,3,2,3,16/30 (53%),11/21 (52%),6/10 (60%),5/6 (83%),5,5,3,4,0,0,0,0,2,0,41/47 (87%),17/22 (77%),4/6 (67%),5/5 (100%),27/41 (66%),8/17 (47%),1/6 (17%),2/5 (40%),4,3,4/4 (100%),1/3 (33%),28,10,12,19,4,3,5,1,9/17 (52%),14/41 (34%),3/5 (60%),5/6 (83%),3,4,2,0,0,0,0,0,0,2,38/42 (90%),22/29 (76%),4/4 (100%),5/7 (71%),15/38 (39%),12/22 (55%),3/4 (75%),2/7 (29%),5,5,5/9 (55%),4/7 (57%),18,14,15,24,6,9,2,3,10/22 (45%),23/38 (60%),5/7 (71%),1/4 (25%),5,5,3,4,0,0
13022304,WTA,"Merida, Mexico",2024-11-01,Round of 16,Hardcourt outdoor,111189,Renata Zarazua,211014,Maja Chwalinska,2,1,20260422,2,0,0,4,84/96 (88%),42/59 (71%),12/12 (100%),13/17 (76%),48/84 (57%),21/42 (50%),4/12 (33%),4/17 (24%),11,12,12/16 (75%),0/7 (0%),86,69,52,25,34,44,8,9,14,9,7,5,5,5,21/42 (50%),36/84 (42%),13/17 (76%),8/12 (66%),12,11,7,4,0,0,0,0,0,1,20/25 (80%),18/22 (82%),5/5 (100%),3/4 (75%),10/20 (50%),13/18 (72%),1/5 (20%),1/4 (25%),4,4,2/5 (40%),0/1 (0%),11,14,8,14,7,4,2,4,5/18 (27%),10/20 (50%),3/4 (75%),4/5 (80%),4,4,1,3,0,0,2,0,0,2,44/47 (94%),12/19 (63%),3/3 (100%),5/7 (71%),26/44 (59%),7/12 (58%),2/3 (67%),2/7 (29%),4,4,9/9 (100%),0/2 (0%),28,9,10,19,6,5,5,1,5/12 (41%),18/44 (40%),5/7 (71%),1/3 (33%),4,4,2,0,0,0,0,0,0,1,20/24 (83%),12/18 (67%),4/4 (100%),5/6 (83%),12/20 (60%),1/12 (8%),1/4 (25%),1/6 (17%),3,4,1/2 (50%),0/4 (0%),13,2,16,11,8,5,5,1,11/12 (91%),8/20 (40%),5/6 (83%),3/4 (75%),4,3,4,1,0,0
13022295,WTA,"Merida, Mexico",2024-11-01,Round of 16,Hardcourt outdoor,396293,Alina Korneeva,189995,Anna Blinkova,2,0,20260422,3,0,5,5,32/61 (52%),34/54 (63%),24/29 (83%),15/20 (75%),17/32 (53%),10/34 (29%),12/29 (41%),6/20 (30%),10,10,6/11 (54%),1/9 (11%),67,48,29,16,38,32,12,6,13,7,5,2,4,2,24/34 (70%),15/32 (46%),14/20 (70%),17/29 (58%),10,10,8,5,0,0,3,0,4,2,25/38 (66%),25/30 (83%),9/13 (69%),3/5 (60%),13/25 (52%),8/25 (32%),3/13 (23%),0/5 (0%),6,6,4/8 (50%),0/5 (0%),16,8,22,22,12,6,3,2,17/25 (68%),12/25 (48%),5/5 (100%),10/13 (76%),6,6,5,4,0,0,0,0,1,3,17/23 (74%),16/24 (67%),5/6 (83%),5/8 (63%),10/17 (59%),6/16 (38%),3/6 (50%),2/8 (25%),4,4,2/3 (66%),1/4 (25%),13,8,16,10,9,5,4,1,10/16 (62%),7/17 (41%),6/8 (75%),3/6 (50%),4,4,3,1,0,0,,,,,,,,,,,,,,,,,,,,,,,,,,,,,,,,,,
13022301,WTA,"Merida, Mexico",2024-11-01,Quarterfinals,Hardcourt outdoor,222826,Ann Li,90814,Jil Teichmann,2,0,20260422,1,0,2,4,24/43 (56%),33/42 (79%),17/19 (89%),5/9 (56%),17/24 (71%),10/33 (30%),9/19 (47%),2/9 (22%),7,7,1/3 (33%),3/10 (30%),56,29,26,12,30,17,9,6,12,2,5,0,7,1,23/33 (69%),7/24 (29%),7/9 (77%),10/19 (52%),7,7,7,2,0,0,1,0,2,2,13/29 (45%),18/22 (82%),14/16 (88%),2/4 (50%),9/13 (69%),6/18 (33%),8/16 (50%),2/4 (50%),4,3,1/2 (50%),2/5 (40%),17,8,14,12,6,6,4,1,12/18 (66%),4/13 (30%),2/4 (50%),8/16 (50%),3,4,3,1,0,0,0,0,0,2,11/14 (79%),15/20 (75%),3/3 (100%),3/5 (60%),8/11 (73%),4/15 (27%),1/3 (33%),0/5 (0%),3,4,0/1 (0%),1/5 (20%),9,4,16,5,9,3,3,1,11/15 (73%),3/11 (27%),5/5 (100%),2/3 (66%),4,3,4,1,0,0,,,,,,,,,,,,,,,,,,,,,,,,,,,,,,,,,,
13022303,WTA,"Merida, Mexico",2024-11-01,Quarterfinals,Hardcourt outdoor,237669,Zeynep Sönmez,111189,Renata Zarazua,2,1,20260422,1,2,2,7,70/94 (74%),63/104 (61%),22/24 (92%),34/41 (83%),41/70 (59%),42/63 (67%),14/24 (58%),21/41 (51%),14,14,6/11 (54%),8/12 (66%),96,100,54,60,42,40,6,9,13,15,9,10,3,4,21/63 (33%),29/70 (41%),20/41 (48%),10/24 (41%),14,14,4,5,0,0,0,1,0,1,29/39 (74%),16/25 (64%),10/10 (100%),8/9 (89%),19/29 (66%),11/16 (69%),7/10 (70%),5/9 (56%),5,4,3/3 (100%),1/2 (50%),26,16,9,13,4,4,3,1,5/16 (31%),10/29 (34%),4/9 (44%),3/10 (30%),4,5,1,0,0,0,0,0,0,3,16/21 (76%),21/36 (58%),5/5 (100%),12/15 (80%),8/16 (50%),13/21 (62%),3/5 (60%),9/15 (60%),4,5,2/4 (50%),4/5 (80%),11,22,14,10,6,9,2,4,8/21 (38%),8/16 (50%),6/15 (40%),2/5 (40%),5,4,1,2,0,0,1,1,2,1,25/34 (74%),26/41 (63%),7/9 (78%),14/15 (93%),13/25 (52%),15/26 (58%),4/9 (44%),7/15 (47%),5,5,1/4 (25%),3/5 (60%),17,22,19,17,5,6,2,3,11/26 (42%),12/25 (48%),8/15 (53%),5/9 (55%),5,5,2,3,0,0
13022300,WTA,"Merida, Mexico",2024-11-01,Quarterfinals,Hardcourt outdoor,293868,Polina Kudermetova,120666,Nina Stojanovic,2,1,20260422,6,5,3,11,66/100 (66%),53/109 (49%),31/34 (91%),45/56 (80%),38/66 (58%),36/53 (68%),15/34 (44%),24/56 (43%),15,16,4/11 (36%),7/13 (53%),103,105,53,59,50,46,7,5,14,17,8,10,4,5,17/53 (32%),28/66 (42%),32/56 (57%),19/34 (55%),16,15,6,7,0,0,5,2,1,5,31/41 (76%),16/43 (37%),9/10 (90%),22/27 (81%),20/31 (65%),10/16 (63%),6/10 (60%),14/27 (52%),6,6,0/1 (0%),3/5 (60%),26,24,19,15,5,4,3,2,6/16 (37%),11/31 (35%),13/27 (48%),4/10 (40%),6,6,2,1,0,0,0,0,1,4,20/30 (67%),16/32 (50%),9/10 (90%),12/16 (75%),10/20 (50%),12/16 (75%),4/10 (40%),6/16 (38%),5,5,3/6 (50%),1/3 (33%),14,18,14,16,3,4,1,2,4/16 (25%),10/20 (50%),10/16 (62%),6/10 (60%),5,5,2,3,0,0,1,3,1,2,14/28 (50%),21/34 (62%),13/14 (93%),11/13 (85%),8/14 (57%),13/21 (62%),5/14 (36%),4/13 (31%),4,5,1/4 (25%),3/5 (60%),13,17,17,15,7,5,2,3,8/21 (38%),6/14 (42%),9/13 (69%),9/14 (64%),5,4,2,3,0,0
13022292,WTA,"Merida, Mexico",2024-11-01,Quarterfinals,Hardcourt outdoor,396293,Alina Korneeva,60392,Sara Sorribes Tormo,2,0,20260422,0,0,0,4,30/43 (70%),38/76 (50%),13/13 (100%),34/38 (89%),14/30 (47%),24/38 (63%),1/13 (8%),19/38 (50%),8,8,0/6 (0%),10/12 (83%),48,71,15,43,33,28,4,10,4,12,2,6,2,5,14/38 (36%),16/30 (53%),19/38 (50%),12/13 (92%),8,8,2,6,0,0,0,0,0,2,22/28 (79%),23/38 (61%),6/6 (100%),13/15 (87%),12/22 (55%),16/23 (70%),0/6 (0%),5/15 (33%),5,4,0/3 (0%),4/5 (80%),12,21,17,16,4,10,2,5,7/23 (30%),10/22 (45%),10/15 (66%),6/6 (100%),4,5,1,3,0,0,0,0,0,2,8/15 (53%),15/38 (39%),7/7 (100%),21/23 (91%),2/8 (25%),8/15 (53%),1/7 (14%),14/23 (61%),3,4,0/3 (0%),6/7 (85%),3,22,16,12,3,7,1,4,7/15 (46%),6/8 (75%),9/23 (39%),6/7 (85%),4,3,1,3,0,0,,,,,,,,,,,,,,,,,,,,,,,,,,,,,,,,,,
13024901,WTA,"Hong Kong, Hong Kong",2024-11-01,Round of 16,Hardcourt outdoor,250279,Leylah Fernandez,105099,Kimberly Birrell,2,0,20260422,2,0,3,3,30/49 (61%),34/52 (65%),16/19 (84%),15/18 (83%),24/30 (80%),18/34 (53%),11/19 (58%),7/18 (39%),8,7,3/3 (100%),4/8 (50%),62,39,35,25,27,14,8,4,12,3,8,3,5,1,16/34 (47%),6/30 (20%),11/18 (61%),8/19 (42%),7,8,4,0,0,0,1,0,1,1,18/24 (75%),13/21 (62%),5/6 (83%),7/8 (88%),13/18 (72%),5/13 (38%),4/6 (67%),4/8 (50%),4,3,1/1 (100%),2/4 (50%),17,9,12,7,7,3,5,1,8/13 (61%),5/18 (27%),4/8 (50%),2/6 (33%),3,4,2,0,0,0,0,0,2,1,16/25 (64%),22/31 (71%),7/9 (78%),8/9 (89%),13/16 (81%),14/22 (64%),5/9 (56%),2/9 (22%),4,4,2/2 (100%),2/4 (50%),18,16,15,7,8,4,5,1,8/22 (36%),3/16 (18%),7/9 (77%),4/9 (44%),4,4,2,0,0,0,,,,,,,,,,,,,,,,,,,,,,,,,,,,,,,,,,
13024905,WTA,"Hong Kong, Hong Kong",2024-11-01,Quarterfinals,Hardcourt outdoor,190996,Yue Yuan,91960,Sofia Kenin,2,0,20260422,8,1,0,4,41/53 (77%),50/63 (79%),12/12 (100%),9/13 (69%),33/41 (80%),33/50 (66%),6/12 (50%),5/13 (38%),9,9,4/4 (100%),6/9 (66%),64,52,39,38,25,14,6,7,12,6,9,6,4,1,17/50 (34%),8/41 (19%),8/13 (61%),6/12 (50%),9,9,3,0,0,0,5,1,0,2,21/31 (68%),27/34 (79%),10/10 (100%),5/7 (71%),18/21 (86%),18/27 (67%),4/10 (40%),3/7 (43%),5,4,4/4 (100%),4/5 (80%),22,21,13,9,6,7,3,1,9/27 (33%),3/21 (14%),4/7 (57%),6/10 (60%),4,5,1,0,0,0,3,0,0,2,20/22 (91%),23/29 (79%),2/2 (100%),4/6 (67%),15/20 (75%),15/23 (65%),2/2 (100%),2/6 (33%),4,5,0/0 (0%),2/4 (50%),17,17,12,5,6,4,4,1,8/23 (34%),5/20 (25%),4/6 (66%),0/2 (0%),5,4,2,0,0,0,,,,,,,,,,,,,,,,,,,,,,,,,,,,,,,,,,
13024911,WTA,"Hong Kong, Hong Kong",2024-11-01,Quarterfinals,Hardcourt outdoor,62924,Katie Boulter,255391,Anastasia Zakharova,2,0,20260422,0,5,0,2,33/48 (69%),36/47 (77%),15/15 (100%),9/11 (82%),17/33 (52%),29/36 (81%),7/15 (47%),5/11 (45%),8,8,2/6 (33%),2/2 (100%),37,58,24,34,13,24,5,8,4,12,4,8,1,8,7/36 (19%),16/33 (48%),6/11 (54%),8/15 (53%),8,8,0,4,0,0,0,4,0,1,18/28 (64%),24/32 (75%),10/10 (100%),7/8 (88%),12/18 (67%),19/24 (79%),6/10 (60%),3/8 (38%),5,5,1/2 (50%),2/2 (100%),18,22,10,10,5,4,1,2,5/24 (20%),6/18 (33%),5/8 (62%),4/10 (40%),5,5,0,1,0,0,0,1,0,1,15/20 (75%),12/15 (80%),5/5 (100%),2/3 (67%),5/15 (33%),10/12 (83%),1/5 (20%),2/3 (67%),3,3,1/4 (25%),0/0 (0%),6,12,3,14,2,8,0,6,2/12 (16%),10/15 (66%),1/3 (33%),4/5 (80%),3,3,0,3,0,0,,,,,,,,,,,,,,,,,,,,,,,,,,,,,,,,,,
13024899,WTA,"Hong Kong, Hong Kong",2024-11-01,Quarterfinals,Hardcourt outdoor,318575,Diana Shnaider,199509,Suzan Lamens,2,1,20260422,2,2,3,5,62/86 (72%),58/78 (74%),21/24 (88%),15/20 (75%),38/62 (61%),27/58 (47%),14/24 (58%),7/20 (35%),13,13,3/7 (42%),2/11 (18%),96,68,52,34,44,34,7,6,18,9,9,4,6,3,31/58 (53%),24/62 (38%),13/20 (65%),10/24 (41%),13,13,9,4,0,1,1,0,0,1,15/17 (88%),13/17 (76%),2/2 (100%),3/4 (75%),10/15 (67%),3/13 (23%),2/2 (100%),2/4 (50%),3,3,0/0 (0%),1/4 (25%),12,5,12,5,6,1,6,0,10/13 (76%),5/15 (33%),2/4 (50%),0/2 (0%),3,3,3,0,0,0,1,1,1,4,28/38 (74%),28/41 (68%),9/10 (90%),9/13 (69%),16/28 (57%),18/28 (64%),5/10 (50%),4/13 (31%),6,6,1/4 (25%),0/3 (0%),21,22,19,17,5,5,4,3,10/28 (35%),12/28 (42%),9/13 (69%),5/10 (50%),6,6,3,3,0,1,0,1,2,0,19/31 (61%),17/20 (85%),10/12 (83%),3/3 (100%),12/19 (63%),6/17 (35%),7/12 (58%),1/3 (33%),4,4,2/3 (66%),1/4 (25%),19,7,13,12,7,4,6,2,11/17 (64%),7/19 (36%),2/3 (66%),5/12 (41%),4,4,3,1,0,0
13024907,WTA,"Hong Kong, Hong Kong",2024-11-01,Quarterfinals,Hardcourt outdoor,250279,Leylah Fernandez,67757,Bernarda Pera,2,0,20260422,8,6,4,1,52/71 (73%),50/61 (82%),15/19 (79%),10/11 (91%),38/52 (73%),32/50 (64%),9/19 (47%),4/11 (36%),10,9,5/6 (83%),3/6 (50%),72,60,47,36,25,24,6,4,13,7,9,6,3,2,18/50 (36%),14/52 (26%),7/11 (63%),10/19 (52%),9,10,3,1,1,0,3,0,1,0,22/29 (76%),14/17 (82%),6/7 (86%),3/3 (100%),16/22 (73%),6/14 (43%),3/7 (43%),2/3 (67%),4,3,2/2 (100%),1/3 (33%),19,8,9,10,5,3,3,1,8/14 (57%),6/22 (27%),1/3 (33%),4/7 (57%),3,4,2,0,0,0,5,6,3,1,30/42 (71%),36/44 (82%),9/12 (75%),7/8 (88%),22/30 (73%),26/36 (72%),6/12 (50%),2/8 (25%),6,6,3/4 (75%),2/3 (66%),28,28,16,14,6,4,2,2,10/36 (27%),8/30 (26%),6/8 (75%),6/12 (50%),6,6,1,1,1,0,,,,,,,,,,,,,,,,,,,,,,,,,,,,,,,,,,
13024910,WTA,"Hong Kong, Hong Kong",2024-11-01,Semifinals,Hardcourt outdoor,62924,Katie Boulter,190996,Yue Yuan,2,1,20260422,3,6,4,3,86/91 (95%),96/99 (97%),1/5 (20%),0/3 (0%),48/86 (56%),62/96 (65%),0/5 (0%),0/3 (0%),14,14,9/15 (60%),3/6 (50%),85,105,48,62,37,43,4,6,11,17,8,11,3,5,34/96 (35%),38/86 (44%),3/3 (100%),5/5 (100%),14,14,3,6,0,0,0,0,0,0,26/26 (100%),30/30 (100%),0/0 (0%),0/0 (0%),14/26 (54%),21/30 (70%),0/0 (0%),0/0 (0%),4,4,4/6 (66%),1/1 (100%),14,21,9,12,4,6,1,5,9/30 (30%),12/26 (46%),,,4,4,0,2,0,0,2,4,1,3,33/35 (94%),35/38 (92%),1/2 (50%),0/3 (0%),19/33 (58%),21/35 (60%),0/2 (0%),0/3 (0%),6,6,1/3 (33%),0/3 (0%),19,21,17,16,4,6,3,2,14/35 (40%),14/33 (42%),3/3 (100%),2/2 (100%),6,6,3,2,0,0,1,2,3,0,27/30 (90%),31/31 (100%),0/3 (0%),0/0 (0%),15/27 (56%),20/31 (65%),0/3 (0%),0/0 (0%),4,4,4/6 (66%),2/2 (100%),15,20,11,15,4,5,1,4,11/31 (35%),12/27 (44%),0/0 (0%),3/3 (100%),4,4,0,2,0,0
13024913,WTA,"Hong Kong, Hong Kong",2024-11-01,Semifinals,Hardcourt outdoor,318575,Diana Shnaider,250279,Leylah Fernandez,2,0,20260422,4,2,1,4,61/62 (98%),46/50 (92%),0/1 (0%),0/4 (0%),37/61 (61%),27/46 (59%),0/1 (0%),0/4 (0%),9,9,1/3 (33%),3/8 (37%),60,52,37,27,23,25,7,7,12,6,7,4,3,2,19/46 (41%),24/61 (39%),4/4 (100%),1/1 (100%),9,9,5,2,0,0,1,1,1,0,40/41 (98%),26/26 (100%),0/1 (0%),0/0 (0%),21/40 (53%),14/26 (54%),0/1 (0%),0/0 (0%),5,5,1/3 (33%),2/5 (40%),21,14,12,20,5,7,2,2,12/26 (46%),19/40 (47%),0/0 (0%),1/1 (100%),5,5,3,2,0,0,3,1,0,4,21/21 (100%),20/24 (83%),0/0 (0%),0/4 (0%),16/21 (76%),13/20 (65%),0/0 (0%),0/4 (0%),4,4,0/0 (0%),1/3 (33%),16,13,11,5,7,4,3,1,7/20 (35%),5/21 (23%),4/4 (100%),0/0 (0%),4,4,2,0,0,0,,,,,,,,,,,,,,,,,,,,,,,,,,,,,,,,,,
13022284,WTA,"Jiujiang, China",2024-11-01,Quarterfinals,Hardcourt outdoor,48455,Viktorija Golubic,19847,Arantxa Rus,2,1,20260422,0,4,2,3,140/152 (92%),88/114 (77%),10/12 (83%),23/26 (88%),79/140 (56%),50/88 (57%),5/12 (42%),15/26 (58%),17,17,18/23 (78%),5/10 (50%),133,133,84,65,49,68,8,7,18,17,12,12,5,5,38/88 (43%),61/140 (43%),11/26 (42%),7/12 (58%),17,17,5,5,1,0,0,0,2,1,48/59 (81%),30/40 (75%),9/11 (82%),9/10 (90%),27/48 (56%),13/30 (43%),5/11 (45%),7/10 (70%),6,6,7/9 (77%),3/6 (50%),32,20,20,27,5,4,5,5,17/30 (56%),21/48 (43%),3/10 (30%),6/11 (54%),6,6,3,2,0,0,0,3,0,2,35/36 (97%),27/36 (75%),1/1 (100%),7/9 (78%),21/35 (60%),19/27 (70%),0/1 (0%),5/9 (56%),5,5,4/5 (80%),1/1 (100%),21,24,12,15,5,7,1,2,8/27 (29%),14/35 (40%),4/9 (44%),1/1 (100%),5,5,0,1,0,0,0,1,0,0,57/57 (100%),31/38 (82%),0/0 (0%),7/7 (100%),31/57 (54%),18/31 (58%),0/0 (0%),3/7 (43%),6,6,7/9 (77%),1/3 (33%),31,21,17,26,8,5,4,5,13/31 (41%),26/57 (45%),4/7 (57%),0/0 (0%),6,6,2,2,1,0
13022287,WTA,"Jiujiang, China",2024-11-01,Quarterfinals,Hardcourt outdoor,71034,Rebecca Šramková,153860,Martina Trevisan,2,1,20260422,0,4,0,0,66/72 (92%),70/83 (84%),6/6 (100%),13/13 (100%),41/66 (62%),45/70 (64%),3/6 (50%),10/13 (77%),13,13,1/5 (20%),12/14 (85%),72,83,44,55,28,28,4,12,11,15,9,11,4,4,25/70 (35%),25/66 (37%),3/13 (23%),3/6 (50%),13,13,2,4,0,0,0,2,0,0,19/20 (95%),23/28 (82%),1/1 (100%),5/5 (100%),12/19 (63%),17/23 (74%),0/1 (0%),5/5 (100%),4,5,0/1 (0%),5/5 (100%),12,22,6,8,4,12,1,3,6/23 (26%),7/19 (36%),0/5 (0%),1/1 (100%),5,4,0,1,0,0,0,1,0,0,30/31 (97%),26/30 (87%),1/1 (100%),4/4 (100%),19/30 (63%),14/26 (54%),1/1 (100%),1/4 (25%),5,4,1/2 (50%),5/7 (71%),20,15,15,11,4,4,4,2,12/26 (46%),11/30 (36%),3/4 (75%),0/1 (0%),4,5,2,1,0,0,0,1,0,0,17/21 (81%),21/25 (84%),4/4 (100%),4/4 (100%),10/17 (59%),14/21 (67%),2/4 (50%),4/4 (100%),4,4,0/2 (0%),2/2 (100%),12,18,7,9,4,6,1,4,7/21 (33%),7/17 (41%),0/4 (0%),2/4 (50%),4,4,0,2,0,0
13022283,WTA,"Jiujiang, China",2024-11-01,Quarterfinals,Hardcourt outdoor,105463,Marie Bouzkova,217828,Kamilla Rakhimova,2,0,20260422,4,0,0,0,40/43 (93%),35/49 (71%),3/3 (100%),14/14 (100%),32/40 (80%),18/35 (51%),1/3 (33%),7/14 (50%),8,8,0/0 (0%),1/5 (20%),57,35,33,25,24,10,8,3,12,4,8,4,5,1,17/35 (48%),8/40 (20%),7/14 (50%),2/3 (66%),8,8,4,0,0,0,0,0,0,0,16/18 (89%),16/22 (73%),2/2 (100%),6/6 (100%),15/16 (94%),9/16 (56%),1/2 (50%),2/6 (33%),4,4,0/0 (0%),0/2 (0%),16,11,11,2,8,2,5,1,7/16 (43%),1/16 (6%),4/6 (66%),1/2 (50%),4,4,2,0,0,0,4,0,0,0,24/25 (96%),19/27 (70%),1/1 (100%),8/8 (100%),17/24 (71%),9/19 (47%),0/1 (0%),5/8 (63%),4,4,0/0 (0%),1/3 (33%),17,14,13,8,4,3,3,1,10/19 (52%),7/24 (29%),3/8 (37%),1/1 (100%),4,4,2,0,0,0,,,,,,,,,,,,,,,,,,,,,,,,,,,,,,,,,,
13022282,WTA,"Jiujiang, China",2024-11-01,Quarterfinals,Hardcourt outdoor,37508,Laura Siegemund,238275,Mananchaya Sawangkaew,2,0,20260422,0,0,0,3,54/58 (93%),46/58 (79%),4/4 (100%),9/12 (75%),23/54 (43%),26/46 (57%),3/4 (75%),6/12 (50%),9,9,3/9 (33%),1/4 (25%),52,64,26,32,26,32,4,5,6,12,3,6,3,4,20/46 (43%),31/54 (57%),6/12 (50%),1/4 (25%),9,9,3,6,0,0,0,0,0,1,33/36 (92%),32/33 (97%),3/3 (100%),0/1 (0%),11/33 (33%),15/32 (47%),3/3 (100%),0/1 (0%),5,5,3/7 (42%),1/4 (25%),14,15,18,22,4,5,3,3,17/32 (53%),22/33 (66%),1/1 (100%),0/3 (0%),5,5,3,4,0,0,0,0,0,2,21/22 (95%),14/25 (56%),1/1 (100%),9/11 (82%),12/21 (57%),11/14 (79%),0/1 (0%),6/11 (55%),4,4,0/2 (0%),0/0 (0%),12,17,8,10,4,5,1,3,3/14 (21%),9/21 (42%),5/11 (45%),1/1 (100%),4,4,0,2,0,0,,,,,,,,,,,,,,,,,,,,,,,,,,,,,,,,,,
13022274,WTA,"Jiujiang, China",2024-11-01,Semifinals,Hardcourt outdoor,48455,Viktorija Golubic,105463,Marie Bouzkova,2,0,20260422,0,0,4,2,37/52 (71%),32/43 (74%),11/15 (73%),9/11 (82%),15/37 (41%),17/32 (53%),2/15 (13%),5/11 (45%),8,7,6/14 (42%),1/4 (25%),38,57,17,22,21,35,3,5,3,12,0,4,1,5,15/32 (46%),22/37 (59%),6/11 (54%),13/15 (86%),7,8,3,8,0,0,0,0,2,2,21/28 (75%),13/20 (65%),5/7 (71%),5/7 (71%),10/21 (48%),8/13 (62%),0/7 (0%),3/7 (43%),4,3,4/8 (50%),0/1 (0%),10,11,9,18,3,5,1,3,5/13 (38%),11/21 (52%),4/7 (57%),7/7 (100%),3,4,1,4,0,0,0,0,2,0,16/24 (67%),19/23 (83%),6/8 (75%),4/4 (100%),5/16 (31%),9/19 (47%),2/8 (25%),2/4 (50%),4,4,2/6 (33%),1/3 (33%),7,11,12,17,3,4,1,5,10/19 (52%),11/16 (68%),2/4 (50%),6/8 (75%),4,4,2,4,0,0,,,,,,,,,,,,,,,,,,,,,,,,,,,,,,,,,,
13022273,WTA,"Jiujiang, China",2024-11-01,Semifinals,Hardcourt outdoor,71034,Rebecca Šramková,37508,Laura Siegemund,2,0,20260422,0,3,4,2,54/73 (74%),68/95 (72%),15/19 (79%),25/27 (93%),29/54 (54%),41/68 (60%),7/19 (37%),14/27 (52%),10,10,1/6 (16%),13/16 (81%),76,92,36,55,40,37,4,9,8,13,5,7,3,7,27/68 (39%),25/54 (46%),13/27 (48%),12/19 (63%),10,10,3,5,0,1,0,2,3,1,40/53 (75%),36/50 (72%),10/13 (77%),13/14 (93%),23/40 (58%),22/36 (61%),7/13 (54%),8/14 (57%),6,6,0/2 (0%),5/7 (71%),30,30,20,23,4,6,3,2,14/36 (38%),17/40 (42%),6/14 (42%),6/13 (46%),6,6,2,2,0,1,0,1,1,1,14/20 (70%),32/45 (71%),5/6 (83%),12/13 (92%),6/14 (43%),19/32 (59%),0/6 (0%),6/13 (46%),4,4,1/4 (25%),8/9 (88%),6,25,20,14,4,9,2,5,13/32 (40%),8/14 (57%),7/13 (53%),6/6 (100%),4,4,1,3,0,0,,,,,,,,,,,,,,,,,,,,,,,,,,,,,,,,,,
13024780,ATP,"Paris, France, Doubles",2024-11-01,Round of 16,Hardcourt indoor,196794,Doumbia S / Reboul F,502852,Arevalo M / Pavic M,2,0,20260422,3,5,3,2,52/77 (68%),53/69 (77%),22/25 (88%),14/16 (88%),45/52 (87%),43/53 (81%),13/25 (52%),12/16 (75%),12,12,1/1 (100%),3/3 (100%),72,74,58,55,14,19,4,5,14,12,12,12,2,1,10/53 (18%),7/52 (13%),4/16 (25%),12/25 (48%),12,12,0,0,2,0,3,1,3,1,26/41 (63%),27/35 (77%),12/15 (80%),7/8 (88%),23/26 (88%),23/27 (85%),6/15 (40%),5/8 (63%),6,6,0/0 (0%),3/3 (100%),29,28,7,12,4,5,1,1,4/27 (14%),3/26 (11%),3/8 (37%),9/15 (60%),6,6,0,0,1,0,0,4,0,1,26/36 (72%),26/34 (76%),10/10 (100%),7/8 (88%),22/26 (85%),20/26 (77%),7/10 (70%),7/8 (88%),6,6,1/1 (100%),0/0 (0%),29,27,7,7,4,4,2,1,6/26 (23%),4/26 (15%),1/8 (12%),3/10 (30%),6,6,0,0,1,0,,,,,,,,,,,,,,,,,,,,,,,,,,,,,,,,,,
13024778,ATP,"Paris, France, Doubles",2024-11-01,Round of 16,Hardcourt indoor,512574,Heliovaara H / Patten H,43260,Čilić M / Dodig I,2,1,20260422,5,2,8,4,46/75 (61%),42/68 (62%),21/29 (72%),22/26 (85%),34/46 (74%),33/42 (79%),15/29 (52%),10/26 (38%),11,10,5/6 (83%),0/2 (0%),74,69,49,43,25,26,7,5,12,10,10,8,3,3,9/42 (21%),12/46 (26%),16/26 (61%),14/29 (48%),10,11,2,1,1,1,1,2,5,2,13/30 (43%),13/20 (65%),12/17 (71%),5/7 (71%),9/13 (69%),13/13 (100%),11/17 (65%),2/7 (29%),5,4,3/3 (100%),0/1 (0%),20,15,5,10,4,5,3,1,0/13 (0%),4/13 (30%),5/7 (71%),6/17 (35%),4,5,1,0,0,0,3,0,3,2,26/36 (72%),25/39 (64%),7/10 (70%),12/14 (86%),21/26 (81%),18/25 (72%),3/10 (30%),6/14 (43%),6,6,2/3 (66%),0/1 (0%),24,24,15,12,7,5,3,3,7/25 (28%),5/26 (19%),8/14 (57%),7/10 (70%),6,6,1,1,0,1,1,0,0,0,7/9 (78%),4/9 (44%),2/2 (100%),5/5 (100%),4/7 (57%),2/4 (50%),1/2 (50%),2/5 (40%),0,0,,,5,4,5,4,2,1,1,0,2/4 (50%),3/7 (42%),3/5 (60%),1/2 (50%),0,0,0,0,0,0
13024784,ATP,"Paris, France, Doubles",2024-11-01,Round of 16,Hardcourt indoor,388284,Skupski N / Venus M,325097,Granollers M / Zeballos H,2,0,20260422,8,3,1,3,41/64 (64%),57/72 (79%),22/23 (96%),12/15 (80%),35/41 (85%),42/57 (74%),11/23 (48%),7/15 (47%),11,11,3/4 (75%),9/9 (100%),69,67,46,49,23,18,7,7,10,13,10,11,1,3,15/57 (26%),6/41 (14%),8/15 (53%),12/23 (52%),11,11,0,1,0,1,3,1,1,2,19/28 (68%),24/31 (77%),8/9 (89%),5/7 (71%),15/19 (79%),16/24 (67%),3/9 (33%),4/7 (57%),5,5,3/4 (75%),6/6 (100%),18,20,11,10,7,7,1,2,8/24 (33%),4/19 (21%),3/7 (42%),6/9 (66%),5,5,0,1,0,0,5,2,0,1,22/36 (61%),33/41 (80%),14/14 (100%),7/8 (88%),20/22 (91%),26/33 (79%),8/14 (57%),3/8 (38%),6,6,0/0 (0%),3/3 (100%),28,29,12,8,6,5,1,1,7/33 (21%),2/22 (9%),5/8 (62%),6/14 (42%),6,6,0,0,0,1,,,,,,,,,,,,,,,,,,,,,,,,,,,,,,,,,,
13052879,ATP,"Paris, France, Doubles",2024-11-01,Round of 16,Hardcourt indoor,928405,Behar A / Galloway R,409992,Nys H / Zielinski J,2,1,20260422,6,5,4,5,37/66 (56%),44/76 (58%),25/29 (86%),27/32 (84%),30/37 (81%),34/44 (77%),19/29 (66%),19/32 (59%),11,11,0/0 (0%),6/7 (85%),72,70,49,53,23,17,6,5,12,11,11,10,3,1,10/44 (22%),7/37 (18%),13/32 (40%),10/29 (34%),11,11,1,0,0,2,2,1,2,2,14/25 (56%),19/30 (63%),9/11 (82%),9/11 (82%),12/14 (86%),14/19 (74%),8/11 (73%),4/11 (36%),5,5,0/0 (0%),3/4 (75%),20,18,12,5,6,4,3,1,5/19 (26%),2/14 (14%),7/11 (63%),3/11 (27%),5,5,1,0,0,0,3,2,2,3,19/34 (56%),20/38 (53%),13/15 (87%),15/18 (83%),17/19 (89%),15/20 (75%),9/15 (60%),14/18 (78%),6,6,0/0 (0%),3/3 (100%),26,29,9,8,6,5,1,1,5/20 (25%),2/19 (10%),4/18 (22%),6/15 (40%),6,6,0,0,0,1,1,2,0,0,5/7 (71%),5/8 (63%),2/2 (100%),3/3 (100%),2/5 (40%),5/5 (100%),1/2 (50%),1/3 (33%),0,0,,,3,6,2,4,1,4,0,1,0/5 (0%),3/5 (60%),2/3 (66%),1/2 (50%),0,0,0,0,0,0
13024777,ATP,"Paris, France, Doubles",2024-11-01,Round of 16,Hardcourt indoor,374997,Purcell M / Thompson J,410371,Gonzalez S / Roger-Vasselin E,2,1,20260422,5,15,1,4,54/86 (63%),48/83 (58%),31/32 (97%),31/35 (89%),40/54 (74%),41/48 (85%),22/32 (69%),21/35 (60%),12,12,1/3 (33%),2/4 (50%),83,86,62,62,21,24,6,6,13,13,10,10,3,3,7/48 (14%),14/54 (25%),14/35 (40%),10/32 (31%),12,12,2,2,1,2,4,8,0,0,24/38 (63%),23/38 (61%),14/14 (100%),15/15 (100%),18/24 (75%),21/23 (91%),11/14 (79%),7/15 (47%),6,6,1/2 (50%),2/3 (66%),29,28,10,9,5,5,3,3,2/23 (8%),6/24 (25%),8/15 (53%),3/14 (21%),6,6,1,1,1,0,1,6,1,4,24/39 (62%),21/36 (58%),14/15 (93%),11/15 (73%),18/24 (75%),17/21 (81%),8/15 (53%),9/15 (60%),6,6,0/1 (0%),0/1 (0%),26,26,10,13,6,6,3,3,4/21 (19%),6/24 (25%),6/15 (40%),7/15 (46%),6,6,1,1,0,1,0,1,0,0,6/9 (67%),4/9 (44%),3/3 (100%),5/5 (100%),4/6 (67%),3/4 (75%),3/3 (100%),5/5 (100%),0,0,,,7,8,1,2,3,3,0,1,1/4 (25%),2/6 (33%),0/5 (0%),0/3 (0%),0,0,0,0,0,0
13024781,ATP,"Paris, France, Doubles",2024-11-01,Round of 16,Hardcourt indoor,935871,Glasspool L / Pavlasek A,375182,Bolelli S / Vavassori A,2,0,20260422,2,5,2,4,37/57 (65%),35/55 (64%),18/20 (90%),16/20 (80%),26/37 (70%),27/35 (77%),9/20 (45%),10/20 (50%),10,10,2/5 (40%),3/4 (75%),53,59,35,37,18,22,6,6,8,12,7,9,3,3,8/35 (22%),11/37 (29%),10/20 (50%),11/20 (55%),10,10,1,3,0,0,2,2,1,1,21/29 (72%),15/27 (56%),7/8 (88%),11/12 (92%),13/21 (62%),10/15 (67%),3/8 (38%),7/12 (58%),5,5,1/3 (33%),2/3 (66%),16,17,10,13,6,6,3,3,5/15 (33%),8/21 (38%),5/12 (41%),5/8 (62%),5,5,1,2,0,0,0,3,1,3,16/28 (57%),20/28 (71%),11/12 (92%),5/8 (63%),13/16 (81%),17/20 (85%),6/12 (50%),3/8 (38%),5,5,1/2 (50%),1/1 (100%),19,20,8,9,4,6,1,3,3/20 (15%),3/16 (18%),5/8 (62%),6/12 (50%),5,5,0,1,0,0,,,,,,,,,,,,,,,,,,,,,,,,,,,,,,,,,,
13024773,ATP,"Paris, France, Doubles",2024-11-01,Round of 16,Hardcourt indoor,338468,Koolhof W / Mektic N,377759,Fils A / Mpetshi Perricard G,0,0,20260422,0,0,0,0,,,,,,,,,,,,,0,0,0,0,,,0,0,0,0,0,0,0,0,,,,,,,0,0,0,0,,,,,,,,,,,,,,,,,,,,,,,,,,,,,,,,,,,,,,,,,,,,,,,,,,,,,,,,,,,,,,,,,,,,,,,,,,,,,,,,,,,,,,,,,,,,,,,,,,,,,,
13024779,ATP,"Paris, France, Doubles",2024-11-01,Quarterfinals,Hardcourt indoor,338468,Koolhof W / Mektic N,460211,Bopanna R / Ebden M,2,0,20260422,7,6,1,1,46/80 (58%),52/76 (68%),33/34 (97%),23/24 (96%),40/46 (87%),44/52 (85%),19/34 (56%),17/24 (71%),12,12,3/4 (75%),5/5 (100%),74,82,59,61,15,21,4,5,11,14,11,12,1,3,8/52 (15%),6/46 (13%),7/24 (29%),15/34 (44%),12,12,0,1,0,1,2,4,0,0,29/47 (62%),30/42 (71%),18/18 (100%),12/12 (100%),24/29 (83%),28/30 (93%),12/18 (67%),9/12 (75%),6,6,1/1 (100%),0/0 (0%),36,37,5,11,4,5,1,2,2/30 (6%),5/29 (17%),3/12 (25%),6/18 (33%),6,6,0,0,0,1,5,2,1,1,17/33 (52%),22/34 (65%),15/16 (94%),11/12 (92%),16/17 (94%),16/22 (73%),7/16 (44%),8/12 (67%),6,6,2/3 (66%),5/5 (100%),23,24,10,10,4,4,1,2,6/22 (27%),1/17 (5%),4/12 (33%),9/16 (56%),6,6,0,1,0,0,,,,,,,,,,,,,,,,,,,,,,,,,,,,,,,,,,
13024771,ATP,"Paris, France, Doubles",2024-11-01,Quarterfinals,Hardcourt indoor,388284,Skupski N / Venus M,928405,Behar A / Galloway R,2,0,20260422,2,3,4,3,31/50 (62%),31/50 (62%),15/19 (79%),16/19 (84%),25/31 (81%),21/31 (68%),9/19 (47%),5/19 (26%),9,9,3/4 (75%),7/11 (63%),58,42,34,26,24,16,5,6,12,6,8,5,6,2,10/31 (32%),6/31 (19%),14/19 (73%),10/19 (52%),9,9,4,1,0,0,1,2,3,2,17/29 (59%),20/29 (69%),9/12 (75%),7/9 (78%),15/17 (88%),16/20 (80%),5/12 (42%),3/9 (33%),5,5,3/3 (100%),6/7 (85%),20,19,10,9,4,6,2,1,4/20 (20%),2/17 (11%),6/9 (66%),7/12 (58%),5,5,1,0,0,0,1,1,1,1,14/21 (67%),12/22 (55%),6/7 (86%),9/10 (90%),10/14 (71%),6/12 (50%),4/7 (57%),2/10 (20%),4,4,0/1 (0%),1/4 (25%),14,8,14,7,5,3,5,2,6/12 (50%),4/14 (28%),8/10 (80%),3/7 (42%),4,4,3,1,0,0,,,,,,,,,,,,,,,,,,,,,,,,,,,,,,,,,,
13024782,ATP,"Paris, France, Doubles",2024-11-01,Quarterfinals,Hardcourt indoor,935871,Glasspool L / Pavlasek A,196794,Doumbia S / Reboul F,2,0,20260422,6,4,2,3,43/60 (72%),41/66 (62%),15/17 (88%),22/25 (88%),37/43 (86%),29/41 (71%),11/17 (65%),15/25 (60%),11,11,1/1 (100%),1/2 (50%),70,56,48,44,22,12,5,4,13,10,11,10,3,1,12/41 (29%),6/43 (13%),10/25 (40%),6/17 (35%),11,11,1,0,1,0,3,3,2,2,25/37 (68%),27/38 (71%),10/12 (83%),9/11 (82%),20/25 (80%),21/27 (78%),8/12 (67%),6/11 (55%),6,6,1/1 (100%),0/0 (0%),28,27,11,9,4,4,2,1,6/27 (22%),5/25 (20%),5/11 (45%),4/12 (33%),6,6,0,0,1,0,3,1,0,1,18/23 (78%),15/28 (54%),5/5 (100%),12/13 (92%),17/18 (94%),9/15 (60%),3/5 (60%),8/13 (62%),5,5,0/0 (0%),1/2 (50%),20,17,11,3,5,4,2,1,6/15 (40%),1/18 (5%),5/13 (38%),2/5 (40%),5,5,1,0,0,0,,,,,,,,,,,,,,,,,,,,,,,,,,,,,,,,,,
13024770,ATP,"Paris, France, Doubles",2024-11-01,Quarterfinals,Hardcourt indoor,374997,Purcell M / Thompson J,512574,Heliovaara H / Patten H,2,1,20260422,3,7,5,1,40/65 (62%),45/70 (64%),20/25 (80%),24/25 (96%),29/40 (73%),35/45 (78%),13/25 (52%),14/25 (56%),9,10,3/5 (60%),4/4 (100%),63,72,42,49,21,23,5,7,8,12,7,10,1,5,10/45 (22%),11/40 (27%),11/25 (44%),12/25 (48%),10,9,0,2,1,1,2,3,2,1,21/37 (57%),24/38 (63%),14/16 (88%),13/14 (93%),18/21 (86%),19/24 (79%),11/16 (69%),8/14 (57%),6,6,3/3 (100%),1/1 (100%),29,27,11,8,5,4,1,1,5/24 (20%),3/21 (14%),6/14 (42%),5/16 (31%),6,6,0,0,1,0,1,2,1,0,12/17 (71%),14/21 (67%),4/5 (80%),7/7 (100%),7/12 (58%),12/14 (86%),1/5 (20%),4/7 (57%),3,4,0/2 (0%),3/3 (100%),8,16,5,9,4,7,1,5,2/14 (14%),5/12 (41%),3/7 (42%),4/5 (80%),4,3,0,2,0,0,0,2,2,0,7/11 (64%),7/11 (64%),2/4 (50%),4/4 (100%),4/7 (57%),4/7 (57%),1/4 (25%),2/4 (50%),0,0,,,5,6,5,6,3,2,0,1,3/7 (42%),3/7 (42%),2/4 (50%),3/4 (75%),0,0,0,0,0,0
13024775,ATP,"Paris, France, Doubles",2024-11-01,Semifinals,Hardcourt indoor,338468,Koolhof W / Mektic N,388284,Skupski N / Venus M,2,0,20260422,4,4,4,1,37/52 (71%),27/43 (63%),11/15 (73%),15/16 (94%),24/37 (65%),25/27 (93%),5/15 (33%),11/16 (69%),9,9,6/9 (66%),0/0 (0%),36,59,29,36,7,23,3,6,6,12,6,9,1,3,2/27 (7%),13/37 (35%),5/16 (31%),10/15 (66%),9,9,0,3,0,0,2,1,1,0,15/22 (68%),10/18 (56%),6/7 (86%),8/8 (100%),9/15 (60%),10/10 (100%),1/7 (14%),6/8 (75%),4,4,3/5 (60%),0/0 (0%),10,16,2,12,3,6,1,3,0/10 (0%),6/15 (40%),2/8 (25%),6/7 (85%),4,4,0,2,0,0,2,3,3,1,22/30 (73%),17/25 (68%),5/8 (63%),7/8 (88%),15/22 (68%),15/17 (88%),4/8 (50%),5/8 (63%),5,5,3/4 (75%),0/0 (0%),19,20,5,11,3,5,1,3,2/17 (11%),7/22 (31%),3/8 (37%),4/8 (50%),5,5,0,1,0,0,,,,,,,,,,,,,,,,,,,,,,,,,,,,,,,,,,
13022307,WTA,"Merida, Mexico, Doubles",2024-11-01,Quarterfinals,Hardcourt outdoor,425923,Kempen M / Salden L,935296,Aney J / Corley C,2,0,20260422,1,2,6,1,52/76 (68%),52/74 (70%),18/24 (75%),21/22 (95%),30/52 (58%),28/52 (54%),11/24 (46%),10/22 (45%),11,11,7/11 (63%),11/16 (68%),78,73,42,38,36,35,5,6,13,10,7,6,5,3,24/52 (46%),22/52 (42%),12/22 (54%),13/24 (54%),11,11,5,4,1,0,0,1,0,0,21/29 (72%),24/31 (77%),8/8 (100%),7/7 (100%),12/21 (57%),13/24 (54%),3/8 (38%),2/7 (29%),5,5,3/5 (60%),6/9 (66%),15,15,16,14,4,6,3,3,11/24 (45%),9/21 (42%),5/7 (71%),5/8 (62%),5,5,3,2,0,0,1,0,3,1,31/48 (65%),30/43 (70%),14/17 (82%),12/13 (92%),19/31 (61%),18/30 (60%),8/17 (47%),5/13 (38%),6,6,5/7 (71%),5/7 (71%),27,23,20,21,4,4,2,3,12/30 (40%),12/31 (38%),8/13 (61%),9/17 (52%),6,6,2,2,1,0,,,,,,,,,,,,,,,,,,,,,,,,,,,,,,,,,,
13022308,WTA,"Merida, Mexico, Doubles",2024-11-01,Quarterfinals,Hardcourt outdoor,934091,Carle M L / Vedder E,935299,Lepchenko V / Mandlik E,2,0,20260422,2,0,0,2,43/52 (83%),47/52 (90%),9/9 (100%),3/5 (60%),27/43 (63%),25/47 (53%),5/9 (56%),1/5 (20%),10,9,1/4 (25%),2/7 (28%),58,46,32,26,26,20,6,7,12,7,7,4,3,2,22/47 (46%),16/43 (37%),4/5 (80%),4/9 (44%),9,10,5,3,0,0,2,0,0,2,25/28 (89%),18/23 (78%),3/3 (100%),3/5 (60%),18/25 (72%),12/18 (67%),1/3 (33%),1/5 (20%),5,4,1/2 (50%),1/3 (33%),19,13,10,9,4,4,3,2,6/18 (33%),7/25 (28%),4/5 (80%),2/3 (66%),4,5,2,1,0,0,0,0,0,0,18/24 (75%),29/29 (100%),6/6 (100%),0/0 (0%),9/18 (50%),13/29 (45%),4/6 (67%),0/0 (0%),5,5,0/2 (0%),1/4 (25%),13,13,16,11,6,7,3,2,16/29 (55%),9/18 (50%),0/0 (0%),2/6 (33%),5,5,3,2,0,0,,,,,,,,,,,,,,,,,,,,,,,,,,,,,,,,,,
13022309,WTA,"Merida, Mexico, Doubles",2024-11-01,Quarterfinals,Hardcourt outdoor,802507,Gleason Q / Martins I,934092,Chwalinska M / Ruzic A,2,0,20260422,0,0,0,4,50/66 (76%),41/54 (76%),16/16 (100%),9/13 (69%),27/50 (54%),19/41 (46%),10/16 (63%),4/13 (31%),10,9,3/7 (42%),1/7 (14%),68,52,37,23,31,29,8,6,13,7,6,3,4,3,22/41 (53%),23/50 (46%),9/13 (69%),6/16 (37%),9,10,6,4,1,0,0,0,0,3,32/40 (80%),30/39 (77%),8/8 (100%),6/9 (67%),17/32 (53%),17/30 (57%),5/8 (63%),3/9 (33%),6,6,1/4 (25%),0/3 (0%),22,20,19,18,7,6,3,3,13/30 (43%),15/32 (46%),6/9 (66%),3/8 (37%),6,6,3,3,1,0,0,0,0,1,18/26 (69%),11/15 (73%),8/8 (100%),3/4 (75%),10/18 (56%),2/11 (18%),5/8 (63%),1/4 (25%),4,3,2/3 (66%),1/4 (25%),15,3,12,11,5,3,4,1,9/11 (81%),8/18 (44%),3/4 (75%),3/8 (37%),3,4,3,1,0,0,,,,,,,,,,,,,,,,,,,,,,,,,,,,,,,,,,
13037146,WTA,"Merida, Mexico, Doubles",2024-11-01,Round of 16,Hardcourt outdoor,932810,Tikhonova A / Zarazua Ruckstuhl R,935297,Perez Garcia M / Rosca C,2,1,20260422,1,1,3,4,63/73 (86%),57/74 (77%),7/10 (70%),13/17 (76%),38/63 (60%),40/57 (70%),5/10 (50%),7/17 (41%),10,11,5/9 (55%),6/9 (66%),70,77,43,47,27,30,6,5,10,12,6,8,4,4,17/57 (29%),25/63 (39%),10/17 (58%),5/10 (50%),11,10,3,4,1,1,1,0,0,1,22/24 (92%),23/29 (79%),2/2 (100%),5/6 (83%),12/22 (55%),16/23 (70%),2/2 (100%),3/6 (50%),4,5,1/3 (33%),3/4 (75%),14,19,10,10,3,4,1,4,7/23 (30%),10/22 (45%),3/6 (50%),0/2 (0%),5,4,1,2,0,0,0,1,2,3,35/42 (83%),29/38 (76%),5/7 (71%),6/9 (67%),23/35 (66%),19/29 (66%),3/7 (43%),3/9 (33%),6,6,4/6 (66%),3/5 (60%),26,22,16,16,6,4,4,3,10/29 (34%),12/35 (34%),6/9 (66%),4/7 (57%),6,6,2,2,1,0,0,0,1,0,6/7 (86%),5/7 (71%),0/1 (0%),2/2 (100%),3/6 (50%),5/5 (100%),0/1 (0%),1/2 (50%),0,0,,,3,6,1,4,3,5,0,1,0/5 (0%),3/6 (50%),1/2 (50%),1/1 (100%),0,0,0,0,0,1
13024914,WTA,"Hong Kong, Hong Kong, Doubles",2024-11-01,Quarterfinals,Hardcourt outdoor,935185,Bucsa C / Kato M,933804,Detiuc A / Santamaria S,2,0,20260422,0,2,1,0,34/43 (79%),26/40 (65%),8/9 (89%),14/14 (100%),25/34 (74%),10/26 (38%),5/9 (56%),7/14 (50%),8,8,2/3 (66%),2/7 (28%),53,30,30,17,23,13,9,6,12,4,7,3,6,2,16/26 (61%),9/34 (26%),7/14 (50%),4/9 (44%),8,8,5,1,0,0,0,2,0,0,24/26 (92%),17/20 (85%),2/2 (100%),3/3 (100%),17/24 (71%),8/17 (47%),1/2 (50%),2/3 (67%),5,4,2/3 (66%),2/4 (50%),18,10,10,8,6,6,3,2,9/17 (52%),7/24 (29%),1/3 (33%),1/2 (50%),4,5,2,1,0,0,0,0,0,0,16/17 (94%),18/20 (90%),1/1 (100%),2/2 (100%),11/16 (69%),7/18 (39%),1/1 (100%),0/2 (0%),3,4,0/0 (0%),0/3 (0%),12,7,13,5,9,4,6,1,11/18 (61%),5/16 (31%),2/2 (100%),0/1 (0%),4,3,3,0,0,0,,,,,,,,,,,,,,,,,,,,,,,,,,,,,,,,,,
13024915,WTA,"Hong Kong, Hong Kong, Doubles",2024-11-01,Quarterfinals,Hardcourt outdoor,523466,Mihalikova T / Nicholls O,935182,Betova M / Prozorova T,2,0,20260422,0,3,3,0,26/43 (60%),29/37 (78%),14/17 (82%),8/8 (100%),10/26 (38%),21/29 (72%),6/17 (35%),5/8 (63%),7,7,6/12 (50%),2/3 (66%),27,53,16,26,11,27,5,9,2,12,1,6,1,5,8/29 (27%),16/26 (61%),3/8 (37%),11/17 (64%),7,7,1,6,0,0,0,2,2,0,12/17 (71%),15/22 (68%),3/5 (60%),7/7 (100%),4/12 (33%),12/15 (80%),2/5 (40%),4/7 (57%),3,4,5/7 (71%),1/1 (100%),6,16,6,11,5,9,1,5,3/15 (20%),8/12 (66%),3/7 (42%),3/5 (60%),4,3,0,2,0,0,0,0,1,0,15/26 (58%),14/15 (93%),10/11 (91%),1/1 (100%),7/15 (47%),9/14 (64%),3/11 (27%),1/1 (100%),4,3,1/5 (20%),1/2 (50%),10,10,5,16,3,5,1,3,5/14 (35%),8/15 (53%),0/1 (0%),8/11 (72%),3,4,1,4,0,0,,,,,,,,,,,,,,,,,,,,,,,,,,,,,,,,,,
13024916,WTA,"Hong Kong, Hong Kong, Doubles",2024-11-01,Semifinals,Hardcourt outdoor,466062,Eikeri U / Ninomiya Makot,523466,Mihalikova T / Nicholls O,2,1,20260422,1,3,3,7,65/87 (75%),58/87 (67%),19/22 (86%),22/29 (76%),46/65 (71%),36/58 (62%),8/22 (36%),13/29 (45%),12,12,4/7 (57%),6/10 (60%),92,82,54,49,38,33,7,5,13,12,9,8,3,3,22/58 (37%),19/65 (29%),16/29 (55%),14/22 (63%),12,12,4,3,1,1,0,1,2,5,32/44 (73%),27/45 (60%),10/12 (83%),13/18 (72%),22/32 (69%),16/27 (59%),3/12 (25%),9/18 (50%),6,6,3/5 (60%),5/7 (71%),25,25,20,19,7,5,3,3,11/27 (40%),10/32 (31%),9/18 (50%),9/12 (75%),6,6,2,2,0,1,1,1,1,2,25/34 (74%),24/34 (71%),8/9 (89%),8/10 (80%),19/25 (76%),16/24 (67%),4/9 (44%),4/10 (40%),6,6,1/2 (50%),1/3 (33%),23,20,14,11,6,4,2,2,8/24 (33%),6/25 (24%),6/10 (60%),5/9 (55%),6,6,2,1,0,0,0,1,0,0,8/9 (89%),7/8 (88%),1/1 (100%),1/1 (100%),5/8 (63%),4/7 (57%),1/1 (100%),0/1 (0%),0,0,,,6,4,4,3,4,2,1,0,3/7 (42%),3/8 (37%),1/1 (100%),0/1 (0%),0,0,0,0,1,0
13024921,WTA,"Hong Kong, Hong Kong, Doubles",2024-11-01,Quarterfinals,Hardcourt outdoor,139462,Aoyama S / Hozumi E,935184,Hibino N / Ponchet J,2,1,20260422,0,2,0,1,49/66 (74%),45/61 (74%),17/17 (100%),15/16 (94%),35/49 (71%),31/45 (69%),8/17 (47%),11/16 (69%),10,10,9/11 (81%),5/6 (83%),62,65,43,42,19,23,8,7,9,11,8,9,4,3,14/45 (31%),14/49 (28%),5/16 (31%),9/17 (52%),10,10,1,2,1,0,0,0,0,1,18/26 (69%),16/23 (70%),8/8 (100%),6/7 (86%),12/18 (67%),11/16 (69%),2/8 (25%),5/7 (71%),4,4,6/8 (75%),5/5 (100%),14,16,7,12,6,7,1,3,5/16 (31%),6/18 (33%),2/7 (28%),6/8 (75%),4,4,0,2,0,0,0,1,0,0,25/32 (78%),25/30 (83%),7/7 (100%),5/5 (100%),19/25 (76%),19/25 (76%),5/7 (71%),4/5 (80%),6,6,3/3 (100%),0/1 (0%),24,23,7,8,6,4,3,1,6/25 (24%),6/25 (24%),1/5 (20%),2/7 (28%),6,6,1,0,0,0,0,1,0,0,6/8 (75%),4/8 (50%),2/2 (100%),4/4 (100%),4/6 (67%),1/4 (25%),1/2 (50%),2/4 (50%),0,0,,,5,3,5,3,4,3,1,0,3/4 (75%),2/6 (33%),2/4 (50%),1/2 (50%),0,0,0,0,1,0
13024917,WTA,"Hong Kong, Hong Kong, Doubles",2024-11-01,Semifinals,Hardcourt outdoor,139462,Aoyama S / Hozumi E,935185,Bucsa C / Kato M,2,1,20260422,1,1,1,4,87/88 (99%),81/85 (95%),0/1 (0%),0/4 (0%),49/87 (56%),47/81 (58%),0/1 (0%),0/4 (0%),11,11,5/10 (50%),6/10 (60%),87,86,49,47,38,39,4,6,11,12,6,7,2,3,34/81 (41%),38/87 (43%),4/4 (100%),1/1 (100%),11,11,4,5,1,1,1,0,0,3,44/44 (100%),43/46 (93%),0/0 (0%),0/3 (0%),24/44 (55%),22/43 (51%),0/0 (0%),0/3 (0%),6,6,4/7 (57%),5/8 (62%),24,22,24,20,4,3,2,2,21/43 (48%),20/44 (45%),3/3 (100%),0/0 (0%),6,6,3,3,1,0,0,1,1,1,30/31 (97%),25/26 (96%),0/1 (0%),0/1 (0%),18/30 (60%),17/25 (68%),0/1 (0%),0/1 (0%),5,5,1/3 (33%),1/2 (50%),18,17,9,13,4,6,2,3,8/25 (32%),12/30 (40%),1/1 (100%),1/1 (100%),5,5,1,2,0,0,0,0,0,0,13/13 (100%),13/13 (100%),0/0 (0%),0/0 (0%),7/13 (54%),8/13 (62%),0/0 (0%),0/0 (0%),0,0,,,7,8,5,6,3,3,0,1,5/13 (38%),6/13 (46%),,,0,0,0,0,0,1
13024850,WTA,"Jiujiang, China, Doubles",2024-11-01,Semifinals,Hardcourt outdoor,935222,Guo H / Uchijima M,381671,Bondar A / Zimmermann K,2,0,20260422,0,0,0,1,43/57 (75%),43/58 (74%),14/14 (100%),14/15 (93%),27/43 (63%),22/43 (51%),5/14 (36%),8/15 (53%),9,10,7/9 (77%),3/9 (33%),60,55,32,30,28,25,7,4,13,6,7,4,4,3,21/43 (48%),16/43 (37%),7/15 (46%),9/14 (64%),10,9,6,2,0,0,0,0,0,1,13/19 (68%),17/25 (68%),6/6 (100%),7/8 (88%),9/13 (69%),9/17 (53%),3/6 (50%),3/8 (38%),3,4,3/3 (100%),2/5 (40%),12,12,13,7,4,3,4,1,8/17 (47%),4/13 (30%),5/8 (62%),3/6 (50%),4,3,3,0,0,0,0,0,0,0,30/38 (79%),26/33 (79%),8/8 (100%),7/7 (100%),18/30 (60%),13/26 (50%),2/8 (25%),5/7 (71%),6,6,4/6 (66%),1/4 (25%),20,18,15,18,7,4,4,3,13/26 (50%),12/30 (40%),2/7 (28%),6/8 (75%),6,6,3,2,0,0,,,,,,,,,,,,,,,,,,,,,,,,,,,,,,,,,,
13024851,WTA,"Jiujiang, China, Doubles",2024-11-01,Semifinals,Hardcourt outdoor,483998,Piter K / Stollar F,528302,Pridankina E / Yashina E,2,0,20260422,1,0,3,1,32/46 (70%),30/49 (61%),11/14 (79%),18/19 (95%),18/32 (56%),18/30 (60%),3/14 (21%),12/19 (63%),8,8,0/5 (0%),2/3 (66%),40,55,21,30,19,25,4,6,4,12,3,7,1,8,12/30 (40%),14/32 (43%),7/19 (36%),11/14 (78%),8,8,1,5,0,0,1,0,2,1,10/17 (59%),17/24 (71%),5/7 (71%),6/7 (86%),5/10 (50%),10/17 (59%),0/7 (0%),4/7 (57%),3,4,0/3 (0%),0/1 (0%),5,14,10,12,3,5,1,6,7/17 (41%),5/10 (50%),3/7 (42%),7/7 (100%),4,3,1,3,0,0,0,0,1,0,22/29 (76%),15/25 (60%),6/7 (86%),10/10 (100%),14/22 (64%),10/15 (67%),2/7 (29%),6/10 (60%),5,4,0/2 (0%),2/2 (100%),16,16,9,13,4,6,1,2,5/15 (33%),8/22 (36%),4/10 (40%),5/7 (71%),4,5,0,2,0,0,,,,,,,,,,,,,,,,,,,,,,,,,,,,,,,,,,
13060716,ATP,"Belgrade, Serbia, Qualifying",2024-11-01,Qualification round 1,Hardcourt indoor,221515,Thiago Agustin Tirante,382892,Marko Maksimović,2,0,20260422,0,9,1,2,59/86 (69%),65/101 (64%),26/27 (96%),34/36 (94%),38/59 (64%),45/65 (69%),12/27 (44%),16/36 (44%),10,11,5/7 (71%),2/3 (66%),74,97,50,61,24,36,6,5,9,13,8,10,3,3,20/65 (30%),21/59 (35%),20/36 (55%),15/27 (55%),11,10,1,2,0,1,0,5,1,2,31/50 (62%),20/40 (50%),18/19 (95%),18/20 (90%),21/31 (68%),16/20 (80%),8/19 (42%),10/20 (50%),6,6,2/3 (66%),0/1 (0%),29,26,14,21,6,6,3,3,4/20 (20%),10/31 (32%),10/20 (50%),11/19 (57%),6,6,1,1,0,1,0,3,0,3,28/36 (78%),23/32 (72%),8/8 (100%),6/9 (67%),17/28 (61%),20/23 (87%),4/8 (50%),2/9 (22%),4,5,3/4 (75%),2/2 (100%),21,22,10,15,4,4,1,3,3/23 (13%),11/28 (39%),7/9 (77%),4/8 (50%),5,4,0,1,0,0,,,,,,,,,,,,,,,,,,,,,,,,,,,,,,,,,,
13060740,ATP,"Belgrade, Serbia, Qualifying",2024-11-01,Qualification round 1,Hardcourt indoor,163636,Lukas Klein,47975,Yannick Hanfmann,2,0,20260422,2,2,1,0,35/52 (67%),6/8 (75%),16/17 (94%),2/2 (100%),25/35 (71%),6/6 (100%),11/17 (65%),0/2 (0%),10,10,3/4 (75%),3/3 (100%),51,22,36,6,15,16,4,3,8,2,8,1,1,2,0/6 (0%),10/35 (28%),2/2 (100%),6/17 (35%),10,10,0,1,0,0,0,4,0,0,17/26 (65%),30/37 (81%),9/9 (100%),7/7 (100%),12/17 (71%),20/30 (67%),6/9 (67%),5/7 (71%),5,5,0/1 (0%),3/3 (100%),18,25,12,8,4,7,1,3,10/30 (33%),5/17 (29%),2/7 (28%),3/9 (33%),5,5,0,1,0,0,2,3,1,1,18/26 (69%),16/23 (70%),7/8 (88%),6/7 (86%),13/18 (72%),15/16 (94%),5/8 (63%),5/7 (71%),5,5,1/2 (50%),0/0 (0%),18,20,3,8,4,5,1,3,1/16 (6%),5/18 (27%),2/7 (28%),3/8 (37%),5,5,0,1,0,0,,,,,,,,,,,,,,,,,,,,,,,,,,,,,,,,,,
13060741,ATP,"Belgrade, Serbia, Qualifying",2024-11-01,Qualification round 1,Hardcourt indoor,57021,Jozef Kovalik,205795,Zsombor Piros,2,1,20260422,8,2,3,5,41/78 (53%),59/82 (72%),34/37 (92%),18/23 (78%),35/41 (85%),36/59 (61%),17/37 (46%),11/23 (48%),14,15,4/6 (66%),5/7 (71%),79,73,52,47,27,26,5,7,13,10,11,8,3,3,23/59 (38%),6/41 (14%),12/23 (52%),20/37 (54%),15,14,2,2,0,0,3,1,0,2,10/25 (40%),22/36 (61%),15/15 (100%),12/14 (86%),9/10 (90%),13/22 (59%),9/15 (60%),7/14 (50%),5,5,0/1 (0%),3/5 (60%),18,20,16,7,5,5,3,2,9/22 (40%),1/10 (10%),7/14 (50%),6/15 (40%),5,5,2,1,0,0,3,1,3,0,13/26 (50%),19/30 (63%),10/13 (77%),11/11 (100%),12/13 (92%),15/19 (79%),4/13 (31%),7/11 (64%),4,5,2/3 (66%),2/2 (100%),16,22,8,10,5,5,1,3,4/19 (21%),1/13 (7%),4/11 (36%),9/13 (69%),5,4,0,1,0,0,2,4,0,0,18/27 (67%),13/23 (57%),9/9 (100%),10/10 (100%),14/18 (78%),11/13 (85%),4/9 (44%),9/10 (90%),5,5,2/3 (66%),0/0 (0%),18,20,3,9,4,5,1,3,2/13 (15%),4/18 (22%),1/10 (10%),5/9 (55%),5,5,0,1,0,0
13060752,ATP,"Metz, France, Qualifying",2024-11-01,Qualification round 1,Hardcourt indoor,121182,Manuel Guinard,56017,Alexander Ritschard,2,0,20260422,1,5,5,1,34/56 (61%),47/72 (65%),17/22 (77%),24/25 (96%),23/34 (68%),35/47 (74%),5/22 (23%),10/25 (40%),8,8,0/0 (0%),1/1 (100%),44,73,28,45,16,28,6,4,4,8,4,7,1,3,12/47 (25%),11/34 (32%),15/25 (60%),17/22 (77%),8,8,0,0,0,0,1,4,4,0,23/37 (62%),17/23 (74%),10/14 (71%),6/6 (100%),15/23 (65%),14/17 (82%),4/14 (29%),2/6 (33%),4,4,4/6 (66%),0/0 (0%),19,16,7,18,4,5,1,3,3/17 (17%),8/23 (34%),4/6 (66%),10/14 (71%),4,4,0,2,0,0,0,2,1,1,12/20 (60%),19/27 (70%),7/8 (88%),7/8 (88%),9/12 (75%),13/19 (68%),1/8 (13%),5/8 (63%),4,4,0/2 (0%),1/1 (100%),10,18,9,10,6,7,1,3,6/19 (31%),3/12 (25%),3/8 (37%),7/8 (87%),4,4,0,2,0,0,,,,,,,,,,,,,,,,,,,,,,,,,,,,,,,,,,
13060747,ATP,"Metz, France, Qualifying",2024-11-01,Qualification round 1,Hardcourt indoor,244420,Jesper De Jong,383990,Theo Papamalamis,2,0,20260422,11,1,2,2,47/74 (64%),27/58 (47%),25/27 (93%),29/31 (94%),35/47 (74%),13/27 (48%),13/27 (48%),14/31 (45%),9,8,,,89,38,48,27,41,11,6,3,10,4,10,4,3,1,14/27 (51%),12/47 (25%),17/31 (54%),14/27 (51%),8,9,0,0,0,0,2,2,1,3,16/22 (73%),21/40 (53%),5/6 (83%),16/19 (84%),13/16 (81%),15/21 (71%),3/6 (50%),4/19 (21%),4,4,0/0 (0%),3/5 (60%),16,19,21,6,10,5,4,1,6/21 (28%),3/16 (18%),15/19 (78%),3/6 (50%),4,4,2,0,0,0,3,2,1,1,11/25 (44%),22/45 (49%),13/14 (93%),22/23 (96%),10/11 (91%),13/22 (59%),10/14 (71%),12/23 (52%),5,4,0/0 (0%),4/5 (80%),20,25,20,5,4,3,3,1,9/22 (40%),1/11 (9%),11/23 (47%),4/14 (28%),4,5,1,0,0,0,,,,,,,,,,,,,,,,,,,,,,,,,,,,,,,,,,
13060754,ATP,"Metz, France, Qualifying",2024-11-01,Qualification round 1,Hardcourt indoor,243925,Titouan Droguet,111837,Billy Harris,2,1,20260422,16,7,3,2,66/98 (67%),63/100 (63%),29/32 (91%),35/37 (95%),46/66 (70%),43/63 (68%),14/32 (44%),20/37 (54%),15,14,2/4 (50%),3/6 (50%),96,87,60,63,36,24,9,5,15,14,11,12,4,5,20/63 (31%),20/66 (30%),17/37 (45%),18/32 (56%),14,15,3,2,0,0,8,3,0,0,19/27 (70%),20/27 (74%),8/8 (100%),7/7 (100%),17/19 (89%),15/20 (75%),4/8 (50%),4/7 (57%),5,5,1/1 (100%),0/1 (0%),21,19,8,6,5,5,2,1,5/20 (25%),2/19 (10%),3/7 (42%),4/8 (50%),5,5,1,0,0,0,4,1,1,0,16/26 (62%),18/30 (60%),9/10 (90%),12/12 (100%),12/16 (75%),12/18 (67%),4/10 (40%),8/12 (67%),5,4,1/3 (33%),1/1 (100%),16,20,10,10,5,5,1,4,6/18 (33%),4/16 (25%),4/12 (33%),6/10 (60%),4,5,0,2,0,0,3,3,0,2,23/28 (82%),24/42 (57%),5/5 (100%),16/18 (89%),20/23 (87%),16/24 (67%),0/5 (0%),8/18 (44%),5,5,0/0 (0%),2/3 (66%),20,24,18,8,5,5,3,1,8/24 (33%),3/23 (13%),10/18 (55%),5/5 (100%),5,5,1,0,0,0
13022320,WTA,"Santa Cruz, Bolivia",2024-11-01,Round of 16,Red clay,314519,Darja Semenistaja,299619,Selena Janicijevic,2,1,20260422,1,2,0,5,87/99 (88%),76/105 (72%),12/12 (100%),24/29 (83%),55/87 (63%),45/76 (59%),4/12 (33%),12/29 (41%),15,15,6/10 (60%),10/16 (62%),107,97,59,57,48,40,6,5,17,13,11,9,4,4,31/76 (40%),32/87 (36%),17/29 (58%),8/12 (66%),15,15,6,4,0,0,0,0,0,2,17/22 (77%),17/30 (57%),5/5 (100%),11/13 (85%),14/17 (82%),10/17 (59%),3/5 (60%),5/13 (38%),4,4,2/2 (100%),2/4 (50%),17,15,15,5,5,3,4,1,7/17 (41%),3/17 (17%),8/13 (61%),2/5 (40%),4,4,2,0,0,0,0,1,0,1,28/35 (80%),25/32 (78%),7/7 (100%),6/7 (86%),15/28 (54%),15/25 (60%),1/7 (14%),3/7 (43%),5,5,2/5 (40%),2/4 (50%),16,18,14,19,5,5,3,3,10/25 (40%),13/28 (46%),4/7 (57%),6/7 (85%),5,5,2,3,0,0,1,1,0,2,42/42 (100%),34/43 (79%),0/0 (0%),7/9 (78%),26/42 (62%),20/34 (59%),0/0 (0%),4/9 (44%),6,6,2/3 (66%),6/8 (75%),26,24,19,16,6,4,3,2,14/34 (41%),16/42 (38%),5/9 (55%),0/0 (0%),6,6,2,1,0,0
13022316,WTA,"Santa Cruz, Bolivia",2024-11-01,Round of 16,Red clay,369438,Anca Todoni,191637,Carson Branstine,1,0,20260422,2,1,0,1,12/22 (55%),16/35 (46%),10/10 (100%),18/19 (95%),8/12 (67%),8/16 (50%),8/10 (80%),4/19 (21%),4,5,0/0 (0%),1/6 (16%),39,18,16,12,23,6,4,2,9,0,4,0,9,0,8/16 (50%),4/12 (33%),15/19 (78%),2/10 (20%),5,4,5,0,0,0,1,0,0,1,9/16 (56%),12/24 (50%),7/7 (100%),11/12 (92%),6/9 (67%),6/12 (50%),6/7 (86%),3/12 (25%),3,3,0/0 (0%),1/4 (25%),12,9,15,4,4,2,6,0,6/12 (50%),3/9 (33%),9/12 (75%),1/7 (14%),3,3,3,0,0,0,1,1,0,0,3/6 (50%),4/11 (36%),3/3 (100%),7/7 (100%),2/3 (67%),2/4 (50%),2/3 (67%),1/7 (14%),1,2,0/0 (0%),0/2 (0%),4,3,8,2,3,1,3,0,2/4 (50%),1/3 (33%),6/7 (85%),1/3 (33%),2,1,2,0,0,0,,,,,,,,,,,,,,,,,,,,,,,,,,,,,,,,,,
13022324,WTA,"Santa Cruz, Bolivia",2024-11-01,Round of 16,Red clay,46591,Chloe Paquet,51943,Valeriya Strakhova,2,0,20260422,0,5,1,2,38/50 (76%),37/53 (70%),11/12 (92%),14/16 (88%),17/38 (45%),24/37 (65%),4/12 (33%),10/16 (63%),7,8,4/9 (44%),1/2 (50%),39,63,21,34,18,29,3,5,3,12,2,7,1,5,13/37 (35%),21/38 (55%),6/16 (37%),8/12 (66%),8,7,1,5,0,0,0,3,1,0,23/33 (70%),15/21 (71%),9/10 (90%),6/6 (100%),11/23 (48%),10/15 (67%),3/10 (30%),4/6 (67%),4,4,2/5 (40%),1/2 (50%),14,14,7,19,3,4,1,3,5/15 (33%),12/23 (52%),2/6 (33%),7/10 (70%),4,4,1,3,0,0,0,2,0,2,15/17 (88%),22/31 (71%),2/2 (100%),7/9 (78%),6/15 (40%),14/22 (64%),1/2 (50%),6/9 (67%),3,4,2/4 (50%),0/0 (0%),7,20,11,10,2,5,1,5,8/22 (36%),9/15 (60%),3/9 (33%),1/2 (50%),4,3,0,2,0,0,,,,,,,,,,,,,,,,,,,,,,,,,,,,,,,,,,
13022326,WTA,"Santa Cruz, Bolivia",2024-11-01,Round of 16,Red clay,254282,Julia Riera,78431,Daria Lodikova,2,0,20260422,0,5,1,2,44/56 (79%),47/55 (85%),11/12 (92%),6/8 (75%),22/44 (50%),30/47 (64%),6/12 (50%),5/8 (63%),8,8,7/12 (58%),2/3 (66%),48,63,28,35,20,28,4,6,4,12,3,7,1,4,17/47 (36%),22/44 (50%),3/8 (37%),6/12 (50%),8,8,1,5,0,0,0,0,0,0,19/26 (73%),20/23 (87%),7/7 (100%),3/3 (100%),11/19 (58%),14/20 (70%),5/7 (71%),3/3 (100%),5,4,0/2 (0%),0/0 (0%),16,17,6,10,4,6,1,3,6/20 (30%),8/19 (42%),0/3 (0%),2/7 (28%),4,5,0,2,0,0,0,5,1,2,25/30 (83%),27/32 (84%),4/5 (80%),3/5 (60%),11/25 (44%),16/27 (59%),1/5 (20%),2/5 (40%),3,4,7/10 (70%),2/3 (66%),12,18,14,18,2,3,1,4,11/27 (40%),14/25 (56%),3/5 (60%),4/5 (80%),4,3,1,3,0,0,,,,,,,,,,,,,,,,,,,,,,,,,,,,,,,,,,
13022317,WTA,"Santa Cruz, Bolivia",2024-11-01,Quarterfinals,Red clay,198197,Emiliana Arango,236833,Leyre Romero Gormaz,2,0,20260422,0,2,3,1,53/61 (87%),62/82 (76%),5/8 (63%),19/20 (95%),29/53 (55%),20/62 (32%),0/8 (0%),9/20 (45%),9,10,5/7 (71%),6/12 (50%),81,62,38,39,43,23,7,5,13,7,7,4,6,2,42/62 (67%),24/53 (45%),11/20 (55%),8/8 (100%),10,9,6,2,0,0,0,1,1,0,40/44 (91%),41/55 (75%),3/4 (75%),14/14 (100%),25/40 (63%),21/41 (51%),0/4 (0%),7/14 (50%),6,6,5/7 (71%),5/8 (62%),25,28,27,19,4,5,3,2,20/41 (48%),15/40 (37%),7/14 (50%),4/4 (100%),6,6,3,2,0,0,0,1,2,1,13/17 (76%),21/27 (78%),2/4 (50%),5/6 (83%),13/13 (100%),9/21 (43%),0/4 (0%),2/6 (33%),3,4,0/0 (0%),1/4 (25%),13,11,16,4,7,3,4,1,12/21 (57%),0/13 (0%),4/6 (66%),4/4 (100%),4,3,3,0,0,0,,,,,,,,,,,,,,,,,,,,,,,,,,,,,,,,,,
13022327,WTA,"Santa Cruz, Bolivia",2024-11-01,Quarterfinals,Red clay,218347,Panna Udvardy,339767,Tara Würth,2,0,20260422,2,2,2,2,47/63 (75%),39/59 (66%),14/16 (88%),18/20 (90%),21/47 (45%),23/39 (59%),6/16 (38%),14/20 (70%),8,8,3/7 (42%),2/2 (100%),38,62,27,37,11,25,4,8,4,12,4,8,1,3,16/39 (41%),26/47 (55%),6/20 (30%),10/16 (62%),8,8,0,4,0,0,1,1,1,0,17/22 (77%),12/19 (63%),4/5 (80%),7/7 (100%),11/17 (65%),11/12 (92%),1/5 (20%),5/7 (71%),4,4,2/4 (50%),0/0 (0%),12,16,3,10,4,5,1,3,1/12 (8%),6/17 (35%),2/7 (28%),4/5 (80%),4,4,0,2,0,0,1,1,0,1,30/30 (100%),27/29 (93%),0/0 (0%),1/2 (50%),15/30 (50%),20/27 (74%),0/0 (0%),1/2 (50%),4,4,1/3 (33%),2/2 (100%),15,21,8,15,3,8,1,3,7/27 (25%),15/30 (50%),1/2 (50%),0/0 (0%),4,4,0,2,0,0,,,,,,,,,,,,,,,,,,,,,,,,,,,,,,,,,,
13022318,WTA,"Santa Cruz, Bolivia",2024-11-01,Quarterfinals,Red clay,369438,Anca Todoni,46591,Chloe Paquet,2,0,20260422,3,1,1,3,42/48 (88%),38/65 (58%),5/6 (83%),24/27 (89%),30/42 (71%),23/38 (61%),4/6 (67%),7/27 (26%),7,8,3/3 (100%),9/14 (64%),69,44,34,30,35,14,8,4,12,3,7,3,10,1,15/38 (39%),12/42 (28%),20/27 (74%),2/6 (33%),8,7,5,0,0,0,0,1,0,1,26/30 (87%),33/37 (89%),4/4 (100%),3/4 (75%),18/26 (69%),18/33 (55%),3/4 (75%),1/4 (25%),4,5,2/2 (100%),6/8 (75%),21,19,18,9,8,4,4,1,15/33 (45%),8/26 (30%),3/4 (75%),1/4 (25%),5,4,2,0,0,0,3,0,1,2,16/18 (89%),22/28 (79%),1/2 (50%),4/6 (67%),12/16 (75%),10/22 (45%),1/2 (50%),1/6 (17%),3,3,1/1 (100%),3/6 (50%),13,11,17,5,6,3,6,0,12/22 (54%),4/16 (25%),5/6 (83%),1/2 (50%),3,3,3,0,0,0,,,,,,,,,,,,,,,,,,,,,,,,,,,,,,,,,,
13022314,WTA,"Santa Cruz, Bolivia",2024-11-01,Quarterfinals,Red clay,314519,Darja Semenistaja,254282,Julia Riera,2,0,20260422,0,1,0,3,59/61 (97%),80/90 (89%),2/2 (100%),7/10 (70%),34/59 (58%),35/80 (44%),1/2 (50%),6/10 (60%),10,11,4/8 (50%),10/17 (58%),84,67,35,41,49,26,9,4,13,8,6,4,7,3,45/80 (56%),25/59 (42%),4/10 (40%),1/2 (50%),11,10,7,4,0,0,0,1,0,1,32/33 (97%),53/58 (91%),1/1 (100%),4/5 (80%),18/32 (56%),24/53 (45%),1/1 (100%),3/5 (60%),6,6,1/4 (25%),9/13 (69%),19,27,31,14,9,4,4,3,29/53 (54%),14/32 (43%),2/5 (40%),0/1 (0%),6,6,4,3,0,0,0,0,0,2,27/28 (96%),27/32 (84%),1/1 (100%),3/5 (60%),16/27 (59%),11/27 (41%),0/1 (0%),3/5 (60%),4,5,3/4 (75%),1/4 (25%),16,14,18,12,3,3,3,2,16/27 (59%),11/27 (40%),2/5 (40%),1/1 (100%),5,4,3,1,0,0,,,,,,,,,,,,,,,,,,,,,,,,,,,,,,,,,,
13050601,WTA,"Santa Cruz, Bolivia, Doubles",2024-11-01,Quarterfinals,Red clay,495668,Brancaccio N / Romero Gormaz L,935939,Arango E / Pigossi L,2,1,20260422,1,2,6,2,52/78 (67%),45/75 (60%),20/26 (77%),28/30 (93%),30/52 (58%),28/45 (62%),10/26 (38%),15/30 (50%),11,11,4/10 (40%),2/7 (28%),72,81,40,43,32,38,6,6,11,12,5,6,3,6,17/45 (37%),22/52 (42%),15/30 (50%),16/26 (61%),11,11,5,6,1,1,0,2,5,1,22/30 (73%),16/29 (55%),3/8 (38%),12/13 (92%),10/22 (45%),8/16 (50%),2/8 (25%),7/13 (54%),5,5,3/7 (42%),1/4 (25%),12,15,14,18,4,5,3,3,8/16 (50%),12/22 (54%),6/13 (46%),6/8 (75%),5,5,3,4,0,0,1,0,1,1,25/39 (64%),24/37 (65%),13/14 (93%),12/13 (92%),17/25 (68%),15/24 (63%),6/14 (43%),7/13 (54%),6,6,1/3 (33%),1/3 (33%),23,22,15,16,6,5,2,3,9/24 (37%),8/25 (32%),6/13 (46%),8/14 (57%),6,6,2,2,1,0,0,0,0,0,5/9 (56%),6/9 (67%),4/4 (100%),3/3 (100%),3/5 (60%),4/6 (67%),2/4 (50%),2/3 (67%),0,0,,,5,6,3,4,3,3,0,1,2/6 (33%),2/5 (40%),1/3 (33%),2/4 (50%),0,0,0,0,0,1
13050602,WTA,"Santa Cruz, Bolivia, Doubles",2024-11-01,Quarterfinals,Red clay,935941,Branstine CA / Zeballos Melgar N,935940,Janicijevic S / Zavatska K,0,0,20260422,,,,,,,,,,,,,,,,,,,,,,,,,,,,,,,,,,,,,,,,,,,,,,,,,,,,,,,,,,,,,,,,,,,,,,,,,,,,,,,,,,,,,,,,,,,,,,,,,,,,,,,,,,,,,,,,,,,,,,,,,,,,,,,,,,,,,,,,,,,,,,
13022332,WTA,"Santa Cruz, Bolivia, Doubles",2024-11-01,Semifinals,Red clay,936063,Bolsova A / Strakhova V,935940,Janicijevic S / Zavatska K,2,0,20260422,0,0,0,1,53/53 (100%),45/47 (96%),0/0 (0%),1/2 (50%),18/53 (34%),16/45 (36%),0/0 (0%),1/2 (50%),9,8,4/10 (40%),5/7 (71%),44,56,24,27,20,29,5,9,5,12,3,6,2,8,29/45 (64%),35/53 (66%),1/2 (50%),0/0 (0%),8,9,2,6,0,0,0,0,0,0,24/24 (100%),24/25 (96%),0/0 (0%),1/1 (100%),12/24 (50%),15/24 (63%),0/0 (0%),1/1 (100%),4,4,3/5 (60%),3/3 (100%),12,16,9,12,3,6,1,5,9/24 (37%),12/24 (50%),0/1 (0%),0/0 (0%),4,4,0,2,0,0,0,0,0,1,29/29 (100%),21/22 (95%),0/0 (0%),0/1 (0%),12/29 (41%),11/21 (52%),0/0 (0%),0/1 (0%),5,4,1/5 (20%),2/4 (50%),12,11,11,17,5,9,2,3,10/21 (47%),17/29 (58%),1/1 (100%),0/0 (0%),4,5,2,4,0,0,,,,,,,,,,,,,,,,,,,,,,,,,,,,,,,,,,
13022334,WTA,"Santa Cruz, Bolivia, Doubles",2024-11-01,Semifinals,Red clay,495668,Brancaccio N / Romero Gormaz L,935938,Todoni A A / Wurth T,2,1,20260422,2,2,1,2,55/56 (98%),45/47 (96%),0/1 (0%),0/2 (0%),35/55 (64%),31/45 (69%),11/1 (1100%),0/2 (0%),11,11,2/5 (40%),6/8 (75%),69,82,46,53,23,29,6,6,11,12,8,9,3,3,14/45 (31%),20/55 (36%),2/2 (100%),-10/1 (-1000%),11,11,2,3,1,1,0,0,0,1,26/26 (100%),27/28 (96%),0/0 (0%),0/1 (0%),15/26 (58%),19/27 (70%),0/0 (0%),0/1 (0%),5,5,1/3 (33%),0/1 (0%),15,19,9,11,6,6,3,3,8/27 (29%),11/26 (42%),1/1 (100%),0/0 (0%),5,5,1,2,0,0,2,2,1,1,42/43 (98%),40/41 (98%),0/1 (0%),0/1 (0%),28/42 (67%),27/40 (68%),0/1 (0%),0/1 (0%),6,6,1/2 (50%),6/7 (85%),28,27,14,15,4,4,2,2,13/40 (32%),14/42 (33%),1/1 (100%),1/1 (100%),6,6,1,1,1,0,0,0,0,0,6/6 (100%),7/7 (100%),0/0 (0%),0/0 (0%),3/6 (50%),7/7 (100%),0/0 (0%),0/0 (0%),0,0,,,3,7,0,3,2,4,0,1,0/7 (0%),3/6 (50%),,,0,0,0,0,0,1
